temporada,Squad,liga,elo_club,elo_pre,elo_medio,elo_fin
2021-22,Arminia,Bundesliga,Bielefeld,1606.24438477,1598.7015669030495,1576.47424316
2021-22,Augsburg,Bundesliga,Augsburg,1595.59460449,1599.5589327451476,1616.25463867
2021-22,Bayern Munich,Bundesliga,Bayern,1993.56750488,2002.083679799147,1957.97290039
2021-22,Bochum,Bundesliga,Bochum,1563.64416504,1588.8288506178687,1613.30163574
2021-22,Dortmund,Bundesliga,Dortmund,1843.85534668,1824.7152431798033,1799.69592285
2021-22,Frankfurt,Bundesliga,Frankfurt,1760.56542969,1741.168290135246,1737.02905273
2021-22,Freiburg,Bundesliga,Freiburg,1676.97033691,1711.9833968365904,1718.67224121
2021-22,Gladbach,Bundesliga,Gladbach,1748.46044922,1709.2941794471476,1711.59204102
2021-22,Greuther Fürth,Bundesliga,Fuerth,1555.50683594,1514.215050268492,1509.97387695
2021-22,Hertha BSC,Bundesliga,Hertha,1637.67993164,1612.772397701705,1598.67822266
2021-22,Hoffenheim,Bundesliga,Hoffenheim,1691.55407715,1701.1295974479997,1664.11572266
2021-22,Köln,Bundesliga,Koeln,1596.57226562,1640.1144955495406,1679.38232422
2021-22,Leverkusen,Bundesliga,Leverkusen,1734.74389648,1767.8583800268195,1794.64099121
2021-22,Mainz 05,Bundesliga,Mainz,1661.15625,1673.153586065574,1680.20178223
2021-22,RB Leipzig,Bundesliga,RB Leipzig,1817.06140137,1799.3851990747212,1811.47265625
2021-22,Stuttgart,Bundesliga,Stuttgart,1644.19787598,1623.4829930044261,1620.82385254
2021-22,Union Berlin,Bundesliga,Union Berlin,1685.00036621,1691.8803282685901,1730.73999023
2021-22,Wolfsburg,Bundesliga,Wolfsburg,1769.32421875,1705.9242767830822,1681.73596191
2021-22,Atalanta,Serie A,Atalanta,1836.63232422,1799.7130018892133,1729.88452148
2021-22,Bologna,Serie A,Bologna,1593.50939941,1593.762875815705,1599.7166748
2021-22,Cagliari,Serie A,Cagliari,1588.58508301,1545.3816282177704,1524.32446289
2021-22,Empoli,Serie A,Empoli,1543.61633301,1550.740988809869,1547.05651855
2021-22,Fiorentina,Serie A,Fiorentina,1628.54321289,1643.6446721315083,1654.35888672
2021-22,Genoa,Serie A,Genoa,1604.8112793,1555.280989850164,1536.02307129
2021-22,Hellas Verona,Serie A,Verona,1585.22949219,1609.0046542810164,1635.18835449
2021-22,Inter,Serie A,Inter,1898.13305664,1876.2812752145246,1863.92224121
2021-22,Juventus,Serie A,Juventus,1849.1340332,1824.4589855756394,1783.07336426
2021-22,Lazio,Serie A,Lazio,1732.31726074,1714.200502288918,1721.38867188
2021-22,Milan,Serie A,Milan,1802.77172852,1805.7239181756722,1833.27490234
2021-22,Napoli,Serie A,Napoli,1803.56152344,1800.4885942301642,1800.57641602
2021-22,Roma,Serie A,Roma,1738.81799316,1729.3160480435083,1754.90844727
2021-22,Salernitana,Serie A,Salernitana,1484.49353027,1458.0551617732458,1489.5456543
2021-22,Sampdoria,Serie A,Sampdoria,1643.21496582,1601.3400322584919,1580.58288574
2021-22,Sassuolo,Serie A,Sassuolo,1697.33581543,1669.0708856299016,1654.8034668
2021-22,Spezia,Serie A,Spezia,1542.16235352,1524.733171506918,1524.81665039
2021-22,Torino,Serie A,Torino,1586.1829834,1599.640334832918,1624.25280762
2021-22,Udinese,Serie A,Udinese,1590.83837891,1596.9591172516066,1632.2512207
2021-22,Venezia,Serie A,Venezia,1494.06787109,1483.2696941434756,1469.50964355
2021-22,Angers,Ligue 1,Angers,1518.56884766,1562.6963358891476,1544.96276855
2021-22,Bordeaux,Ligue 1,Bordeaux,1536.04699707,1531.8114481949183,1505.71716309
2021-22,Brest,Ligue 1,Brest,1514.15319824,1562.9964215382952,1566.11669922
2021-22,Clermont Foot,Ligue 1,Clermont,1507.37561035,1532.8958676190819,1512.28051758
2021-22,Lens,Ligue 1,Lens,1566.37512207,1622.7314737283605,1665.94677734
2021-22,Lille,Ligue 1,Lille,1753.30493164,1735.294809009574,1696.96472168
2021-22,Lorient,Ligue 1,Lorient,1521.05187988,1538.7822505768197,1524.38916016
2021-22,Lyon,Ligue 1,Lyon,1740.17236328,1741.0122046303932,1736.39831543
2021-22,Marseille,Ligue 1,Marseille,1631.07080078,1683.942177093541,1718.43225098
2021-22,Metz,Ligue 1,Metz,1540.72033691,1531.232036852623,1514.32458496
2021-22,Monaco,Ligue 1,Monaco,1703.90185547,1715.3707491511802,1749.37536621
2021-22,Montpellier,Ligue 1,Montpellier,1600.50231934,1625.0548880159345,1560.50402832
2021-22,Nantes,Ligue 1,Nantes,1558.54882812,1610.5714711673118,1630.71911621
2021-22,Nice,Ligue 1,Nice,1570.67248535,1655.4831026675408,1664.39196777
2021-22,PSG,Ligue 1,Paris SG,1875.87866211,1893.861041959213,1859.42980957
2021-22,Reims,Ligue 1,Reims,1566.67102051,1597.7908131084916,1601.07263184
2021-22,Rennes,Ligue 1,Rennes,1622.62341309,1687.2743992534097,1719.70068359
2021-22,Saint-Étienne,Ligue 1,Saint-Etienne,1555.6003418,1539.9887679300982,1512.64074707
2021-22,Strasbourg,Ligue 1,Strasbourg,1561.48962402,1628.259926117738,1668.04199219
2021-22,Troyes,Ligue 1,Troyes,1503.44311523,1528.8649422067213,1547.05651855
2021-22,Alavés,La Liga,Alaves,1633.82214355,1602.1150158494752,1589.52246094
2021-22,Athletic Club,La Liga,Bilbao,1709.68444824,1720.5844078185903,1739.26403809
2021-22,Atlético Madrid,La Liga,Atletico,1895.42712402,1865.291184122001,1868.52783203
2021-22,Barcelona,La Liga,Barcelona,1913.69177246,1870.9288770330165,1875.88232422
2021-22,Cádiz,La Liga,Cadiz,1611.36071777,1597.9109338982296,1650.63293457
2021-22,Celta Vigo,La Liga,Celta,1721.60791016,1704.7707855722952,1708.34448242
2021-22,Elche,La Liga,Elche,1594.79760742,1605.6145683914756,1631.01855469
2021-22,Espanyol,La Liga,Espanyol,1648.59558105,1651.671415134918,1647.61279297
2021-22,Getafe,La Liga,Getafe,1669.05395508,1646.484437435443,1672.59594727
2021-22,Granada,La Liga,Granada,1674.59533691,1649.9559198094755,1644.09765625
2021-22,Levante,La Liga,Levante,1664.71276855,1617.1735211488526,1658.98547363
2021-22,Mallorca,La Liga,Mallorca,1629.65905762,1615.6839203380985,1615.09399414
2021-22,Osasuna,La Liga,Osasuna,1685.16015625,1677.1107425873445,1669.47094727
2021-22,Rayo Vallecano,La Liga,Rayo Vallecano,1599.37963867,1629.9034099642952,1616.94458008
2021-22,Real Betis,La Liga,Betis,1740.60021973,1747.5823602401313,1778.93115234
2021-22,Real Madrid,La Liga,Real Madrid,1938.07788086,1946.3888719901638,1983.03759766
2021-22,Real Sociedad,La Liga,Sociedad,1761.44580078,1755.0766449477046,1756.3638916
2021-22,Sevilla,La Liga,Sevilla,1847.52929688,1836.1083432059343,1826.55651855
2021-22,Valencia,La Liga,Valencia,1701.11633301,1706.091922147705,1698.46618652
2021-22,Villarreal,La Liga,Villarreal,1823.54174805,1810.6280545598033,1840.41894531
2021-22,Arsenal,Premier League,Arsenal,1866.67456055,1858.0104404139015,1851.4576416
2021-22,Aston Villa,Premier League,Aston Villa,1747.11230469,1744.5278828600658,1740.57543945
2021-22,Brentford,Premier League,Brentford,1671.97888184,1687.9232561956724,1714.30810547
2021-22,Brighton,Premier League,Brighton,1720.88342285,1732.5127849648195,1760.09667969
2021-22,Burnley,Premier League,Burnley,1709.37329102,1693.2745485400326,1683.77648926
2021-22,Chelsea,Premier League,Chelsea,1923.20202637,1936.9387439161314,1899.04138184
2021-22,Crystal Palace,Premier League,Crystal Palace,1693.30944824,1725.391978579377,1753.90112305
2021-22,Everton,Premier League,Everton,1771.19372559,1734.9398377471477,1698.97583008
2021-22,Leeds United,Premier League,Leeds,1783.74121094,1737.2180876190164,1703.2824707
2021-22,Leicester City,Premier League,Leicester,1801.89501953,1778.9727971312457,1779.33666992
2021-22,Liverpool,Premier League,Liverpool,1940.19763184,1998.325822874984,2035.03369141
2021-22,Manchester City,Premier League,Man City,2012.76818848,2018.104831582951,2025.13366699
2021-22,Manchester Utd,Premier League,Man United,1925.87194824,1883.2804159196398,1810.69580078
2021-22,Newcastle,Premier League,Newcastle,1724.89587402,1703.4834256543277,1756.95495605
2021-22,Norwich City,Premier League,Norwich,1655.1998291,1618.9057777278688,1575.6262207
2021-22,Southampton,Premier League,Southampton,1700.75109863,1708.2304491381967,1671.66308594
2021-22,Tottenham,Premier League,Tottenham,1831.75012207,1818.9893738790167,1866.62145996
2021-22,Watford,Premier League,Watford,1673.33557129,1647.1371762132787,1583.42712402
2021-22,West Ham,Premier League,West Ham,1810.99633789,1820.3064168964265,1782.92785645
2021-22,Wolves,Premier League,Wolves,1738.54443359,1749.920274477115,1725.1184082
