number;player;team;apps;min;goals;a;xG;xA;xG90;xA90;position;shots;key_passes;np_goals;np_xg;yellow_cards;red_cards;xg_chain;xg_buildup
1;Jeremías Ledesma;Cadiz;38;3420;0;0;0.030456800013780594;0.03942140005528927;0.0;0.0;GK;1;2;0;0.030456800013780594;4;0;1.1737990099936724;1.10392080899328
2;Matías Dituro;Celta Vigo;38;3420;0;0;0.043924201279878616;0.04363799840211868;0.0;0.0;GK;1;1;0;0.043924201279878616;1;0;4.0307887475937605;3.9871507566422224
3;Jan Oblak;Atletico Madrid;38;3420;0;0;0.046845998615026474;0.0;0.0;0.0;GK;1;0;0;0.046845998615026474;2;0;3.440849471837282;3.440849471837282
4;David Soria;Getafe;38;3415;0;0;0.0;0.0;0.0;0.0;GK;0;0;0;0.0;4;0;1.3415729021653533;1.3415729021653533
5;Robin Le Normand;Real Sociedad;37;3330;1;1;2.004630571231246;0.6521286834031343;0.05;0.02;D;18;4;1;2.004630571231246;6;0;6.6772217862308025;6.646762769669294
6;Leandro Cabrera;Espanyol;37;3330;2;0;0.9704061998054385;1.1713719833642244;0.03;0.03;D;18;10;2;0.9704061998054385;6;0;6.594006601721048;6.339606394991279
7;Alfonso Espino;Cadiz;37;3330;2;2;2.038077582605183;2.926308298483491;0.06;0.08;D M;27;35;2;2.038077582605183;6;0;8.38547577150166;5.238284956663847
8;Javi Galán;Celta Vigo;37;3303;0;3;0.44127425691112876;1.9921726612374187;0.01;0.05;D;19;23;0;0.44127425691112876;9;0;8.636239961721003;7.223159093409777
9;Sergio Herrera;Osasuna;36;3240;0;0;0.0;0.01614380069077015;0.0;0.0;GK;0;1;0;0.0;3;0;1.857691077515483;1.8415470998734236
10;Thibaut Courtois;Real Madrid;36;3240;0;0;0.0;0.0;0.0;0.0;GK;0;0;0;0.0;1;0;6.174389886669815;6.174389886669815
11;Alejandro Catena;Rayo Vallecano;36;3240;2;2;1.2418786892667413;1.0723448116332293;0.03;0.03;D;22;7;2;1.2418786892667413;8;0;5.652176603674889;5.550202516838908
12;Sergio Busquets;Barcelona;36;3212;2;0;0.5658083986490965;1.695990601554513;0.02;0.05;M;14;34;2;0.5658083986490965;12;0;22.124731622636318;20.508094489574432
13;Martin Valjent;Mallorca;36;3183;0;0;0.3135232999920845;0.4681521952152252;0.01;0.01;D;10;6;0;0.3135232999920845;4;0;4.310011922381818;3.7334868321195245
14;Diego López;Espanyol;36;3182;0;0;0.0;0.01966789923608303;0.0;0.0;GK;0;1;0;0.0;3;0;5.108907860703766;5.0892399633303285
15;Remiro;Real Sociedad;35;3150;0;0;0.0;0.0;0.0;0.0;GK;0;0;0;0.0;1;0;5.01037117280066;5.01037117280066
16;Iván Balliu;Rayo Vallecano;35;3150;1;2;1.1241264138370752;3.6824938748031855;0.03;0.11;D M;15;43;1;1.1241264138370752;10;1;11.404870027676225;9.019103026017547
17;Marc-André ter Stegen;Barcelona;35;3150;0;0;0.0;0.06105069816112518;0.0;0.0;GK;0;1;0;0.0;3;0;7.251764789223671;7.190714091062546
18;Luis Rioja;Alaves;37;3149;1;3;2.7884209882467985;5.357528327964246;0.08;0.15;F M S;44;34;1;2.7884209882467985;3;0;10.181002767756581;4.223165171220899
19;Sergi Darder;Espanyol;36;3143;3;9;2.4538245322182775;4.09336187876761;0.07;0.12;M;44;37;3;2.4538245322182775;4;0;12.469293355941772;8.148376179859042
20;Luís Maximiano;Granada;35;3138;0;0;0.0;0.0;0.0;0.0;GK;0;0;0;0.0;2;0;1.79647524561733;1.79647524561733
21;Joselu;Alaves;37;3132;14;4;13.482938756234944;3.9191309553571045;0.39;0.11;F S;97;35;8;8.279990379698575;0;0;11.487721542827785;2.9624599032104015
22;Djené Dakonam;Getafe;35;3122;0;1;0.18927489779889584;0.5998236052691936;0.01;0.02;D;4;10;0;0.18927489779889584;11;1;3.534019666723907;3.428481557406485
23;David García;Osasuna;35;3106;4;0;1.679618083871901;0.9213939942419529;0.05;0.03;D;30;9;4;1.679618083871901;8;0;4.836510816588998;4.468551339581609
24;Iago Aspas;Celta Vigo;37;3098;17;5;14.593056619167328;6.394939869642258;0.42;0.19;F S;90;58;14;10.87679260596633;9;0;20.08181523066014;6.775518755428493
25;Unai Simón;Athletic Club;34;3060;0;0;0.0;0.012466300278902054;0.0;0.0;GK;0;1;0;0.0;3;0;3.4091313891112804;3.3966653756797314
26;Fernando Pacheco;Alaves;34;3054;0;0;0.0;0.04243979975581169;0.0;0.0;GK;0;2;0;0.0;1;0;1.4128342121839523;1.3703944142907858
27;Brais Méndez;Celta Vigo;37;3053;4;5;4.333911579102278;3.488585188984871;0.13;0.1;F M S;56;35;4;4.333911579102278;8;0;13.66142504196614;8.01055600028485
28;Víctor Laguardia;Alaves;34;3049;3;2;2.399155198596418;0.8964286772534251;0.07;0.03;D;13;5;3;2.399155198596418;9;0;5.301183699630201;5.226729799062014
29;Eder Militão;Real Madrid;34;3037;1;2;2.4957265653647482;1.2566003939136863;0.07;0.04;D;33;12;1;2.4957265653647482;5;0;15.131965570151806;13.636800296604633
30;Fran García;Rayo Vallecano;34;3036;1;0;0.9584827162325382;1.6622503865510225;0.03;0.05;D;25;30;1;0.9584827162325382;4;0;8.689132591709495;6.950203508138657
31;Álvaro García;Rayo Vallecano;36;3007;7;4;6.1708649061620235;6.40094755217433;0.18;0.19;M S;68;44;7;6.1708649061620235;6;0;15.525412678718567;5.2754458505660295
32;Diego Carlos;Sevilla;34;2973;3;0;2.4986832896247506;0.38347921147942543;0.08;0.01;D;30;4;3;2.4986832896247506;2;1;10.919518383219838;10.776875104755163
33;Pablo Maffeo;Mallorca;35;2963;1;4;1.813936464022845;2.5792088098824024;0.06;0.08;D M;30;28;1;1.813936464022845;10;0;7.085868269205093;4.905976425856352
34;Nemanja Maksimovic;Getafe;35;2954;1;2;2.8708115946501493;0.8268333077430725;0.09;0.03;M S;31;20;1;2.8708115946501493;5;0;5.9795663971453905;3.0500744627788663
35;Raúl de Tomás;Espanyol;34;2942;17;3;15.713371678255498;1.6105903144925833;0.48;0.05;F S;106;25;12;11.996979652903974;5;2;13.882727585732937;3.355462779290974
36;Jon Moncayola;Osasuna;36;2933;2;3;2.439096614718437;2.030780059751123;0.07;0.06;M S;41;32;2;2.439096614718437;2;0;8.167241932358593;5.13021468417719
37;Nacho Vidal;Osasuna;35;2914;0;1;1.1029787044972181;2.3355553979054093;0.03;0.07;D S;20;20;0;1.1029787044972181;9;0;7.93901620991528;5.460336413234472
38;Mikel Merino;Real Sociedad;34;2905;3;2;5.033724724315107;4.42873840034008;0.16;0.14;M S;45;32;3;5.033724724315107;8;0;14.847333624958992;9.341218484565616
39;Luis Suárez;Granada;37;2887;8;4;9.463244837708771;3.4181125932373106;0.3;0.11;F M S;86;30;8;8.719967854209244;6;0;11.704755910672247;3.0602809879928827
40;Gerónimo Rulli;Villarreal;32;2880;0;0;0.0;0.0;0.0;0.0;GK;0;0;0;0.0;2;0;5.1568284425884485;5.1568284425884485
41;Pau Torres;Villarreal;33;2862;5;1;4.809495896100998;2.1740425024181604;0.15;0.07;D;24;9;5;4.809495896100998;5;0;12.096996039152145;11.953241534531116
42;Denis Suárez;Celta Vigo;38;2860;4;5;2.3703320268541574;3.7035181811079383;0.07;0.12;M S;22;46;4;2.3703320268541574;4;0;11.45699708443135;7.544191491790116
43;Johan Mojica;Elche;33;2860;2;5;0.6024869158864021;6.035516256466508;0.02;0.19;D S;16;31;2;0.6024869158864021;4;1;9.256735345348716;6.0737642124295235
44;Dani Rodríguez;Mallorca;36;2857;3;3;3.368004720658064;3.6628333423286676;0.11;0.12;F M S;42;43;3;3.368004720658064;7;0;7.330759422853589;1.9720799764618278
45;Enes Ünal;Getafe;37;2848;16;1;11.382522858679295;1.5669306041672826;0.36;0.05;F S;86;28;14;8.409409895539284;8;0;8.196038469672203;1.4727964820340276
46;Muniain;Athletic Club;35;2839;4;10;7.361818239092827;10.626128636300564;0.23;0.34;M S;41;108;3;5.131988674402237;3;0;15.582828421145678;9.140909595414996
47;Nabil Fekir;Real Betis;34;2839;6;9;5.299874782562256;7.8999694269150496;0.17;0.25;M S;84;83;6;5.299874782562256;7;1;14.668213412165642;6.757880117744207
48;Sergio Canales;Real Betis;34;2830;5;8;3.9631920251995325;5.698898285627365;0.13;0.18;M S;54;64;5;3.9631920251995325;6;0;15.202885108068585;8.913203915581107
49;Mathías Olivera;Getafe;32;2819;1;3;3.1310172881931067;2.835934097878635;0.1;0.09;D;24;31;1;3.1310172881931067;10;0;7.173474993556738;5.234355817548931
50;Iñaki Williams;Athletic Club;38;2796;8;5;15.017372261732817;7.52719091065228;0.48;0.24;F S;95;33;7;14.274094235152006;4;0;24.979276698082685;5.527427515946329
51;Luis Milla;Granada;34;2793;4;3;3.3582324367016554;3.7396017238497734;0.11;0.12;M S;23;41;1;1.1283988934010267;4;0;6.779823500663042;4.348607814870775
52;Bono;Sevilla;31;2790;0;2;0.0;0.3494524899870157;0.0;0.01;GK;0;2;0;0.0;2;0;3.373800318688154;3.0243479162454605
53;Stole Dimitrievski;Rayo Vallecano;31;2772;0;0;0.0;0.0;0.0;0.0;GK S;0;0;0;0.0;0;0;1.5668320739641786;1.5668320739641786
54;Lucas Torró;Osasuna;33;2747;1;0;2.101093984209001;0.4382761977612972;0.07;0.01;M S;34;9;1;2.101093984209001;10;0;5.463737617712468;3.834301812108606
55;Damián Suárez;Getafe;35;2744;0;3;0.46269273292273283;3.3987524611875415;0.02;0.11;D M S;14;47;0;0.46269273292273283;13;0;5.873881787061691;3.867629699409008
56;Jules Koundé;Sevilla;32;2743;2;1;1.5519336760044098;2.491392267867923;0.05;0.08;D S;13;17;2;1.5519336760044098;2;2;10.395954826846719;9.396989727392793
57;Morales;Levante;35;2737;13;7;13.537092285230756;5.412142590619624;0.45;0.18;F M S;81;35;10;9.820705484598875;7;0;17.60657161101699;3.5549608878791332
58;Sergi Gómez;Espanyol;31;2731;1;2;0.4637136943638325;0.9956764788366854;0.02;0.03;D;8;4;1;0.4637136943638325;1;1;5.54534962400794;5.295560033991933
59;Adrià Pedrosa;Espanyol;31;2731;1;1;1.052447804249823;1.441566688939929;0.03;0.05;D;25;23;1;1.052447804249823;8;0;8.08321713283658;6.596326345577836
60;Santiago Comesaña;Rayo Vallecano;35;2724;1;2;3.4627023795619607;1.8991695158183575;0.11;0.06;M S;33;27;1;3.4627023795619607;10;1;7.674767831340432;4.628511963412166
61;Daniel Parejo;Villarreal;33;2718;2;10;1.4858024045825005;7.374511243775487;0.05;0.24;M S;16;65;1;0.7425250969827175;3;0;18.59771879017353;16.237668626010418
62;Vinícius Júnior;Real Madrid;35;2712;17;10;14.596011717803776;9.233812033198774;0.48;0.31;F M S;80;68;17;14.596011717803776;6;0;31.057188913226128;11.666109897196293
63;Florian Lejeune;Alaves;30;2700;0;0;1.1048721629194915;0.10778672806918621;0.04;0.0;D;22;5;0;1.1048721629194915;7;1;3.8914641602896154;3.86818652972579
64;Jorge Cuenca;Getafe;32;2690;1;0;0.8437289823777974;0.14023349806666374;0.03;0.0;D S;16;2;1;0.8437289823777974;6;2;3.3095457833260298;3.260608760640025
65;Stefan Mitrovic;Getafe;32;2688;1;0;0.23662657756358385;0.07608939707279205;0.01;0.0;D S;4;2;1;0.23662657756358385;8;1;1.8899062806740403;1.8899062806740403
66;Mauro Arambarri;Getafe;31;2672;0;5;1.0511962557211518;2.518548319116235;0.04;0.08;M;37;44;0;1.0511962557211518;13;0;5.392832105979323;4.526825740002096
67;Jordi Alba;Barcelona;30;2653;2;10;1.188737953081727;7.6230136612430215;0.04;0.26;D M;31;58;2;1.188737953081727;11;0;26.12968999147415;20.56811337545514
68;Gonçalo Guedes;Valencia;36;2653;11;6;7.205688217654824;5.612193078733981;0.24;0.19;F M S;70;45;10;5.719137305393815;3;0;12.684107702225447;5.332130899652839
69;Joseph Aidoo;Celta Vigo;32;2648;0;0;0.2221590969711542;0.5558135025203228;0.01;0.02;D S;6;5;0;0.2221590969711542;1;0;4.631657788529992;4.568096796050668
70;David Alaba;Real Madrid;30;2648;2;3;2.1641882304102182;2.4843374518677592;0.07;0.08;D;21;21;2;2.1641882304102182;2;0;12.501719899475574;10.79118338227272
71;Rubén Duarte;Alaves;34;2641;0;4;0.25884299725294113;2.6828973665833473;0.01;0.09;D S;9;21;0;0.25884299725294113;10;1;5.664669398218393;3.846736405044794
72;Néstor Araújo;Celta Vigo;34;2617;0;0;0.2325696973130107;0.1294150985777378;0.01;0.0;D S;8;2;0;0.2325696973130107;4;0;5.032074297778308;4.772725686430931
73;Fran Beltrán;Celta Vigo;37;2616;1;0;0.41013580188155174;0.33650525845587254;0.01;0.01;M S;20;11;1;0.41013580188155174;4;0;6.0858851717785;5.685565288178623
74;Karim Benzema;Real Madrid;32;2614;27;12;24.671546146273613;8.99625631980598;0.85;0.31;F S;128;62;20;16.495628118515015;0;0;28.832715107128024;9.545942708384246
75;Óscar Valentín;Rayo Vallecano;35;2606;0;0;1.262782011181116;1.0618453994393349;0.04;0.04;M S;11;15;0;1.262782011181116;8;0;5.973939219489694;5.620299715548754
76;Yannick Carrasco;Atletico Madrid;34;2604;6;6;5.40252916701138;7.216075102798641;0.19;0.25;D F M S;50;54;4;3.91598211415112;5;0;13.68930010125041;5.746005650609732
77;Casemiro;Real Madrid;32;2596;1;3;2.5604002280160785;3.7921483479440212;0.09;0.13;D M S;41;26;1;2.5604002280160785;11;0;19.73453602194786;16.599835257977247
78;Enzo Roco;Elche;30;2566;1;0;1.155733186751604;0.13786480203270912;0.04;0.0;D S;11;3;1;1.155733186751604;10;0;4.092372138053179;3.6341646276414394
79;Martín Zubimendi;Real Sociedad;36;2562;2;1;2.6199107356369495;0.5868826052173972;0.09;0.02;M S;20;14;2;2.6199107356369495;4;0;6.801687550731003;5.447835745289922
80;Joan Jordán;Sevilla;36;2559;0;0;1.0802088174968958;1.8880111500620842;0.04;0.07;M S;16;24;0;1.0802088174968958;9;0;9.861835720017552;8.227476208470762
81;Guido Rodríguez;Real Betis;32;2538;1;2;1.3238576920703053;0.7272041998803616;0.05;0.03;M S;21;15;1;1.3238576920703053;7;1;10.726310532540083;9.8425426594913
82;Omar Mascarell;Elche;32;2520;0;0;0.4715942060574889;0.21110920328646898;0.02;0.01;D M S;12;7;0;0.4715942060574889;6;0;4.839963840320706;4.558681663125753
83;Koke;Atletico Madrid;31;2516;1;2;0.7069575753994286;1.7270692083984613;0.03;0.06;M S;12;26;1;0.7069575753994286;6;0;12.277745366096497;10.671851167455316
84;Dimitri Foulquier;Granada;31;2513;0;1;0.6557635013014078;1.3789462074637413;0.02;0.05;D M S;16;13;0;0.6557635013014078;11;0;4.176298603415489;3.0450277384370565
85;Frenkie de Jong;Barcelona;32;2496;3;3;4.6510841734707355;3.31898489408195;0.17;0.12;M S;17;43;3;4.6510841734707355;5;1;19.455425202846527;12.844873283058405
86;Carlos Soler;Valencia;32;2489;11;5;8.917946607340127;4.1710398849099874;0.32;0.15;M S;41;52;4;3.7150069600902498;4;0;9.026358818169683;4.993355771526694
87;Marcos Llorente;Atletico Madrid;29;2474;0;2;0.6577439038082957;2.576183594763279;0.02;0.09;D M;16;26;0;0.6577439038082957;5;0;8.57559685409069;6.533776381984353
88;Raúl Albiol;Villarreal;28;2470;0;0;0.3834182061254978;0.1295443009585142;0.01;0.0;D;5;4;0;0.3834182061254978;8;0;7.39725111797452;7.3536231108009815
89;Stefan Savic;Atletico Madrid;28;2440;0;0;2.3240502942353487;0.13412580266594887;0.09;0.0;D;15;3;0;2.3240502942353487;12;0;4.867565102875233;4.833290204405785
90;Darko Brasanac;Osasuna;35;2436;1;2;1.6238336013630033;1.7660256656818092;0.06;0.07;F M S;17;30;1;1.6238336013630033;8;0;7.9861258110031486;5.065599510446191
91;Omar Alderete;Valencia;29;2428;2;0;0.9768287241458893;0.1467041028663516;0.04;0.01;D S;17;4;2;0.9768287241458893;15;0;2.5416540624573827;2.26557938195765
92;Unai Vencedor;Athletic Club;34;2418;0;0;0.8061731029301882;0.6651333048939705;0.03;0.02;M S;20;15;0;0.8061731029301882;4;0;8.740867150947452;7.817628216929734
93;Rúben Vezo;Levante;32;2416;0;0;0.9028191203251481;0.3399476823396981;0.03;0.01;D S;18;5;0;0.9028191203251481;5;0;4.434255917090923;4.308430589735508
94;Rubén García;Osasuna;37;2412;1;6;3.7074057227000594;3.6446041194722056;0.14;0.14;D F M S;33;58;1;2.2208489989861846;1;0;8.250082291662693;4.743536898866296
95;Álex Moreno;Real Betis;30;2407;5;3;3.598248857073486;2.3381719030439854;0.13;0.09;D S;27;21;5;3.598248857073486;3;1;10.443025570362806;6.3910770788788795
96;Santi Mina;Celta Vigo;33;2389;7;3;9.253597201779485;2.106306361965835;0.35;0.08;F S;59;21;7;8.510319175198674;4;0;11.40976232290268;2.3766150744631886
97;Carles Aleñá;Getafe;33;2381;1;2;1.9732895260676742;1.2121291970834136;0.07;0.05;F M S;46;20;1;1.9732895260676742;6;1;5.109339904040098;2.8486352832987905
98;Hugo Guillamón;Valencia;31;2379;1;0;0.524246396496892;0.38730870373547077;0.02;0.01;D M S;7;13;1;0.524246396496892;9;2;5.4135929103940725;4.657976692542434
99;Lucas Pérez;Cadiz;33;2355;5;3;5.848150495439768;5.228636227548122;0.22;0.2;F M S;29;42;5;5.848150495439768;1;0;12.47153340652585;5.216770399361849
100;Gavi;Barcelona;34;2345;2;5;4.449615243822336;4.285056263208389;0.17;0.16;F M S;30;20;2;4.449615243822336;9;1;16.296991395764053;9.315062996931374
101;Iñigo Martínez;Athletic Club;27;2345;3;0;2.249150712043047;0.6237716097384691;0.09;0.02;D S;27;4;3;2.249150712043047;7;2;4.997997362166643;4.456909421831369
102;Mamadou Loum;Alaves;32;2334;2;0;3.1791703505441546;0.5883107930421829;0.12;0.02;M S;33;9;2;3.1791703505441546;10;0;4.403931312263012;3.095625452697277
103;Isi Palazón;Rayo Vallecano;34;2330;2;4;3.369928352534771;2.7286362340673804;0.13;0.11;M S;58;33;2;3.369928352534771;7;0;7.8800239861011505;5.2201731046661735
104;Fidel;Elche;33;2323;5;6;3.311384817585349;4.753790548071265;0.13;0.18;M S;19;39;4;2.568110814318061;9;0;11.409500135108829;7.400936534628272
105;Quini;Granada;32;2320;0;1;0.6528526376932859;1.3078162055462599;0.03;0.05;D S;17;18;0;0.6528526376932859;11;0;3.6440156660974026;2.0929323714226484
106;Etienne Capoue;Villarreal;30;2312;1;1;0.651917602866888;1.0353651978075504;0.03;0.04;M S;14;5;1;0.651917602866888;9;0;9.91871253028512;9.349543660879135
107;Andoni Gorosabel;Real Sociedad;32;2301;0;4;0.4932372020557523;2.5901921335607767;0.02;0.1;D M S;11;21;0;0.4932372020557523;4;0;6.514902064576745;4.117644507437944
108;Germán Sánchez;Granada;32;2291;2;1;1.5310100875794888;0.5327009921893477;0.06;0.02;D S;13;5;2;1.5310100875794888;9;1;2.9923148415982723;2.9176602475345135
109;Antonio Puertas;Granada;33;2289;6;1;4.827212460339069;0.9439179934561253;0.19;0.04;D F M S;33;18;6;4.827212460339069;4;0;6.7396078910678625;3.300156267359853
110;Marcos Acuña;Sevilla;31;2282;1;3;1.0216645821928978;3.1246358370408416;0.04;0.12;D S;16;43;1;1.0216645821928978;10;0;11.326871283352375;9.453515468165278
111;Javi Puado;Espanyol;30;2278;4;1;5.646654920652509;1.1327431853860617;0.22;0.04;F M S;40;21;4;5.646654920652509;5;0;7.572527168318629;3.1566542629152536
112;Ronald Araújo;Barcelona;30;2269;4;0;1.7893535420298576;1.4803267233073711;0.07;0.06;D S;18;8;4;1.7893535420298576;6;0;9.391728542745113;8.67272761464119
113;Manuel Sánchez;Osasuna;33;2261;1;3;0.5402552066370845;2.621843807399273;0.02;0.1;D F M S;6;19;1;0.5402552066370845;6;0;6.693984307348728;4.356387905776501
114;Manu Trigueros;Villarreal;35;2237;6;4;6.288964716717601;3.0046655870974064;0.25;0.12;F M S;41;23;6;6.288964716717601;3;0;18.12305220030248;11.433545183390379
115;Dani García;Athletic Club;32;2222;0;0;0.9270978923887014;0.8292560745030642;0.04;0.03;M S;12;8;0;0.9270978923887014;9;0;6.025819791480899;4.595428969711065
116;Ivan Rakitic;Sevilla;35;2190;4;6;2.8138942988589406;3.513906910084188;0.12;0.14;M S;31;41;3;1.3273382978513837;5;0;10.118826352059841;8.163157183676958
117;Alex Berenguer;Athletic Club;34;2189;3;6;5.940722184255719;6.8969738855957985;0.24;0.28;F M S;46;44;3;5.197444209828973;8;0;14.459080152213573;6.238028038293123
118;Brian Oliván;Mallorca;28;2187;1;0;1.7783099915832281;2.463639870285988;0.07;0.1;D M S;20;20;1;1.0350328097119927;7;0;5.90779437776655;3.8900888254866004
119;Juanmi;Real Betis;33;2183;17;4;10.187626414000988;2.7290982231497765;0.42;0.11;F M S;55;19;17;10.187626414000988;5;0;14.672116911038756;3.426418883726001
120;Alexander Isak;Real Sociedad;32;2168;6;2;10.799253981560469;3.972969926893711;0.45;0.16;F M S;73;21;4;9.312698069959879;6;0;14.889842318370938;3.6389726996421814
121;Álvaro Negredo;Cadiz;34;2167;7;2;8.650729690678418;2.310485614463687;0.36;0.1;F M S;68;22;5;6.420897637493908;3;0;8.739513839129359;1.3446673303842545
122;Edgar Badía;Elche;24;2160;0;0;0.0;0.0;0.0;0.0;GK;0;0;0;0.0;2;0;1.6923947874456644;1.6923947874456644
123;Daniel Cárdenas;Levante;24;2160;0;0;0.0;0.017031600698828697;0.0;0.0;GK;0;1;0;0.0;3;0;2.6851897966116667;2.6681580990552902
124;Rodrigo de Paul;Atletico Madrid;36;2155;3;1;1.5343125881627202;4.635301631875336;0.06;0.19;M S;24;50;3;1.5343125881627202;7;0;10.630576400086284;7.513120701536536
125;Roger;Levante;29;2152;7;3;8.281187678687274;3.128277173265815;0.35;0.13;F S;48;23;6;6.051355253905058;8;0;10.779477871023118;3.504760908894241
126;Lucas Ocampos;Sevilla;30;2129;6;4;6.679355347529054;2.00775926746428;0.28;0.08;F M S;51;18;6;6.679355347529054;7;0;10.564205168746412;3.763900136575103
127;Carlos Neva;Granada;26;2124;0;0;1.021788620389998;0.9545627925544977;0.04;0.04;D S;6;13;0;1.021788620389998;1;0;3.482355894520879;1.8177271159365773
128;Toni Kroos;Real Madrid;28;2119;1;3;2.184315487742424;4.1809449112042785;0.09;0.18;M S;46;51;1;2.184315487742424;4;0;17.869035124778748;14.734508149325848
129;Aritz Elustondo;Real Sociedad;30;2100;4;1;2.187840578146279;0.2580980062484741;0.09;0.01;D S;14;1;4;2.187840578146279;3;1;5.4200613321736455;5.339000917971134
130;Gerard Piqué;Barcelona;27;2092;1;0;1.7741623828187585;0.335690688341856;0.08;0.01;D S;19;5;1;1.7741623828187585;8;1;12.487990725785494;12.216302674263716
131;Luka Modric;Real Madrid;28;2070;2;8;2.0731662549078465;5.679028648883104;0.09;0.25;M S;27;37;1;1.3298883829265833;4;0;17.354141475632787;13.056486984714866
132;Óscar Trejo;Rayo Vallecano;32;2060;3;9;3.5934608839452267;4.63802701421082;0.16;0.2;F M S;23;59;0;1.3636276759207249;13;0;7.8580931555479765;4.018605764955282
133;Giménez;Atletico Madrid;24;2054;1;1;1.3384028356522322;0.7287133038043976;0.06;0.03;D;20;5;1;1.3384028356522322;7;0;4.3596577206626534;4.2805602150037885
134;Eric Garcia;Barcelona;26;2053;0;0;0.431579795666039;0.11836410313844681;0.02;0.01;D S;6;4;0;0.431579795666039;5;1;12.205468721687794;12.10722578316927
135;Álex Fernández;Cadiz;32;2043;3;2;2.9090052377432585;1.5910708708688617;0.13;0.07;F M S;21;21;2;1.4224547278136015;2;0;5.628661639988422;3.305311920121312
136;Balenziaga;Athletic Club;26;2038;0;0;0.1859611002728343;0.3166739996522665;0.01;0.01;D S;7;8;0;0.1859611002728343;2;0;5.169675247743726;4.872692966833711
137;Rober;Levante;27;2012;1;0;1.9060601014643908;0.18687689676880836;0.09;0.01;D S;8;4;1;1.9060601014643908;3;1;3.562165403738618;3.464144805446267
138;Adrián Embarba;Espanyol;32;2005;0;2;3.301968228071928;2.6012619147077203;0.15;0.12;F M S;49;38;0;3.301968228071928;4;0;6.527666674926877;2.5277776531875134
139;Germán Pezzella;Real Betis;23;2001;1;0;1.627135081216693;0.0;0.07;0.0;D S;19;0;1;1.627135081216693;5;1;3.2632191870361567;3.2632191870361567
140;Pepelu;Levante;29;1998;0;0;0.6425286047160625;2.063524793833494;0.03;0.09;M S;14;26;0;0.6425286047160625;9;0;7.4376567751169205;5.740580331534147
141;Antoine Griezmann;Atletico Madrid;29;1994;3;4;6.075659070163965;3.1772906873375177;0.27;0.14;F M S;47;26;3;6.075659070163965;3;0;12.6171166151762;6.003899410367012
142;Marc Bartra;Real Betis;23;1993;1;0;1.4663549037650228;0.09664610121399164;0.07;0.0;D;15;4;1;1.4663549037650228;5;0;5.220085345208645;5.03561195731163
143;Son;Levante;26;1983;1;0;1.2594367042183876;1.6156953433528543;0.06;0.07;D S;14;16;1;1.2594367042183876;5;1;8.748876485973597;6.779231283813715
144;Jorge Miramón;Levante;29;1982;1;0;0.7200841307640076;1.4177920874208212;0.03;0.06;D S;7;16;1;0.7200841307640076;5;0;6.084825586527586;4.395341282710433
145;Dani Vivian;Athletic Club;24;1981;2;1;1.9558937177062035;1.0015920102596283;0.09;0.05;D S;17;2;2;1.9558937177062035;2;0;6.106896072626114;6.061028473079205
146;Héctor Bellerín;Real Betis;23;1977;0;2;0.47702249698340893;2.4594110026955605;0.02;0.11;D S;10;26;0;0.47702249698340893;2;1;8.367293864488602;5.567806905135512
147;Maxi Gómez;Valencia;29;1967;5;1;4.917124107480049;1.8223376786336303;0.22;0.08;F S;43;18;5;4.917124107480049;5;1;7.714327353052795;2.5594084914773703
148;Rui Silva;Real Betis;22;1964;0;0;0.0;0.0;0.0;0.0;GK S;0;0;0;0.0;2;0;3.156215368770063;3.156215368770063
149;Iddrisu Baba;Mallorca;26;1952;2;0;1.8456465797498822;0.38971790112555027;0.09;0.02;D M S;24;9;2;1.8456465797498822;9;0;3.383304800838232;2.6725937938317657
150;Jorge Molina;Granada;35;1940;10;5;7.497979895211756;4.060373456217349;0.35;0.19;F S;46;30;10;6.754706875421107;2;0;10.362118877470493;1.192303222604096
151;Juan Foyth;Villarreal;25;1939;1;1;1.0203602081164718;1.3658556807786226;0.05;0.06;D S;6;11;1;1.0203602081164718;4;1;6.654781844466925;6.040545964613557
152;Juan Cruz;Osasuna;23;1939;0;0;0.1629590019583702;0.028187899384647608;0.01;0.0;D S;3;3;0;0.1629590019583702;4;0;0.9838471971452236;0.8817285001277924
153;Mouctar Diakhaby;Valencia;29;1937;0;1;0.5874189073219895;0.21190799959003925;0.03;0.01;D M S;8;4;0;0.5874189073219895;11;0;2.140602871775627;1.9362230598926544
154;Helibelton Palacios;Elche;26;1926;0;0;0.0280217994004488;0.16854489408433437;0.0;0.01;D S;1;7;0;0.0280217994004488;6;0;3.0472721476107836;2.8674215488135815
155;Íñigo Lekue;Athletic Club;25;1923;0;2;0.17491530161350965;2.4028552332893014;0.01;0.11;D S;7;13;0;0.17491530161350965;3;0;5.080001806840301;3.8149296268820763
156;Aleix Vidal;Espanyol;31;1910;2;0;0.8850831994786859;2.6752407774329185;0.04;0.13;D M S;6;26;2;0.8850831994786859;10;0;8.194437412545085;5.900059772655368
157;Gerard Gumbau;Elche;31;1902;0;4;0.9427301185205579;2.3429341167211533;0.04;0.11;M S;20;28;0;0.9427301185205579;8;1;6.331182724796236;4.819287149235606
158;Ezequiel Ávila;Osasuna;36;1900;6;1;4.995183689519763;2.3769700210541487;0.24;0.11;F M S;63;19;5;4.251906182616949;7;1;6.680491748265922;1.426861205138266
159;Manolo Reina;Mallorca;21;1890;0;0;0.0;0.0;0.0;0.0;GK;0;0;0;0.0;4;0;1.7675501927733421;1.7675501927733421
160;José Gayá;Valencia;24;1884;2;4;1.2375974245369434;2.7798709152266383;0.06;0.13;D S;18;25;2;1.2375974245369434;6;2;6.418139589950442;3.716467333957553
161;Geoffrey Kondogbia;Atletico Madrid;28;1883;1;2;0.3789184996858239;1.2443712828680873;0.02;0.06;D M S;15;11;1;0.3789184996858239;9;2;8.639906276017427;7.204807233065367
162;Ángel Correa;Atletico Madrid;36;1879;12;5;7.5283734034746885;3.6459022108465433;0.36;0.17;F M S;50;25;12;7.5283734034746885;3;1;14.415172526612878;4.4162845173850656
163;Mario Hermoso;Atletico Madrid;26;1874;2;1;2.0724501283839345;0.613714509177953;0.1;0.03;D S;17;9;2;2.0724501283839345;5;1;8.82990095578134;7.3809134643524885
164;Hugo Duro;Getafe;31;1873;7;1;4.4766954109072685;0.7043099794536829;0.22;0.03;F M S;33;14;7;4.4766954109072685;1;1;6.463140066713095;2.451590584591031
165;Yeray Álvarez;Athletic Club;22;1859;0;0;0.29204249661415815;0.20423000305891037;0.01;0.01;D S;7;4;0;0.29204249661415815;6;0;7.186842768453062;7.095446448773146
166;Carlos Akapo;Cadiz;25;1858;0;0;0.40704759396612644;0.34640309400856495;0.02;0.02;D M S;10;7;0;0.40704759396612644;4;0;1.7319843955338001;1.5415608044713736
167;Lucas Vázquez;Real Madrid;29;1849;3;0;2.0947858784347773;2.9124969989061356;0.1;0.14;D S;18;31;3;2.0947858784347773;3;0;13.62192951515317;10.40128057077527
168;Fernando;Sevilla;24;1846;1;1;0.8028483837842941;0.28049140237271786;0.04;0.01;D M S;6;6;1;0.8028483837842941;6;0;6.657081926241517;5.888523267582059
169;Memphis Depay;Barcelona;28;1845;12;2;11.858474859967828;4.673103122040629;0.58;0.23;F M S;61;45;8;8.142092959955335;3;0;15.699477111920714;6.830247407779098
170;Raúl García;Athletic Club;35;1845;6;2;6.790659656748176;3.4230230264365673;0.33;0.17;F S;44;18;6;6.047378620132804;3;0;10.817065825685859;3.7459398545324802
171;Rubén Sobrino;Cadiz;34;1844;4;1;5.243819092400372;1.5351103013381362;0.26;0.07;F M S;33;13;4;5.243819092400372;4;0;7.872348918579519;2.2466365341097116
172;Jaume Costa;Mallorca;25;1841;0;4;0.8247814886271954;1.720392999239266;0.04;0.08;D M S;11;18;0;0.8247814886271954;5;1;4.120891507714987;2.279329393990338
173;Kike García;Osasuna;33;1835;5;1;6.855254899710417;2.2603613091632724;0.34;0.11;F M S;54;21;4;6.111979853361845;1;0;9.03266636095941;2.3688370380550623
174;Hugo Mallo;Celta Vigo;21;1832;1;1;1.5956418942660093;3.0716513339430094;0.08;0.15;D;17;20;1;1.5956418942660093;3;2;8.275078195147216;4.745035043917596
175;Luis Suárez;Atletico Madrid;35;1829;11;2;10.48271519690752;1.8571418775245547;0.52;0.09;F S;54;15;9;8.25288113579154;7;0;10.290383666753769;2.1885673254728317
176;Federico Valverde;Real Madrid;31;1829;0;1;1.1346686938777566;2.149522302672267;0.06;0.11;D F M S;34;24;0;1.1346686938777566;2;0;12.15409561432898;10.313000759109855
177;Victor Chust;Cadiz;25;1827;0;0;0.5800779014825821;0.0;0.03;0.0;D S;9;0;0;0.5800779014825821;2;0;1.9305944610387087;1.9196321610361338
178;Fali;Cadiz;28;1826;0;2;0.677207101136446;1.5724328979849815;0.03;0.08;D M S;14;7;0;0.677207101136446;6;0;2.2142878212034702;1.1310498900711536
179;William Carvalho;Real Betis;33;1813;2;3;3.056290989741683;1.7062722239643335;0.15;0.08;M S;33;22;2;3.056290989741683;6;0;11.569804737344384;8.318048007786274
180;Franco Cervi;Celta Vigo;33;1811;3;3;2.9502224307507277;0.8406250001862645;0.15;0.04;M S;22;12;3;2.9502224307507277;5;0;7.383888671174645;3.735359374433756
181;Alejandro Gomez;Sevilla;29;1790;5;1;2.6912853084504604;3.0084037045016885;0.14;0.15;F M S;34;23;5;2.6912853084504604;4;0;10.354178119450808;6.231730531901121
182;Jesús Navas;Sevilla;25;1786;0;3;0.37156219594180584;4.85726173222065;0.02;0.24;D S;10;36;0;0.37156219594180584;4;0;10.525366926565766;6.6590572241693735
183;Diego González;Elche;28;1785;0;0;0.24843350052833557;0.10194359719753265;0.01;0.01;D S;4;2;0;0.24843350052833557;3;1;2.4007759280502796;2.338232893496752
184;Jorge De Frutos;Levante;25;1778;4;7;5.769292498007417;3.8327911496162415;0.29;0.19;F M S;46;23;4;5.769292498007417;4;0;10.309212446212769;3.1308366488665342
185;Óscar Duarte;Levante;23;1777;2;0;1.2113469988107681;0.6022906862199306;0.06;0.03;D S;19;3;2;1.2113469988107681;4;0;3.4904387407004833;3.4178347401320934
186;Rafa Mir;Sevilla;34;1769;10;0;8.386388290673494;0.3148877006024122;0.43;0.02;F S;61;6;10;8.386388290673494;6;0;10.744975220412016;3.1194606106728315
187;Alexander Sørloth;Real Sociedad;33;1762;4;0;6.835473652929068;3.6858631167560816;0.35;0.19;F S;35;23;4;6.835473652929068;2;0;11.437479361891747;3.0463774017989635
188;David Silva;Real Sociedad;25;1753;2;4;2.5481442529708147;4.742720324546099;0.13;0.24;F M S;21;38;2;2.5481442529708147;4;1;12.319385625422;7.0886710453778505
189;Ante Budimir;Osasuna;28;1746;8;2;9.98131524398923;1.0723036210983992;0.51;0.06;F S;45;11;6;8.49475722387433;3;0;9.267304566688836;1.6742675201967359
190;Ferland Mendy;Real Madrid;22;1742;2;1;1.368965307250619;1.1492705848067999;0.07;0.06;D S;12;20;2;1.368965307250619;4;0;12.045558083802462;10.731952980160713
191;Marco Asensio;Real Madrid;31;1733;10;0;7.722298290580511;2.2709937002509832;0.4;0.12;F M S;64;31;10;7.722298290580511;2;0;13.960778545588255;6.037509264424443
192;Lucas Boyé;Elche;24;1731;7;3;4.705582898110151;2.714024893939495;0.24;0.14;F S;49;22;7;4.705582898110151;3;0;7.781527530401945;2.7555075120180845
193;Esteban Saveljich;Rayo Vallecano;21;1727;0;0;0.5659528039395809;0.007399780210107565;0.03;0.0;D;9;1;0;0.5659528039395809;4;0;0.9910614155232906;0.9836616106331348
194;Yeremi Pino;Villarreal;31;1717;6;4;7.2105646431446075;3.568692659959197;0.38;0.19;F M S;27;26;6;7.2105646431446075;2;0;12.442915238440037;3.9528255313634872
195;Óscar Gil;Espanyol;22;1712;0;2;0.217764500528574;2.5560021018609405;0.01;0.13;D S;6;16;0;0.217764500528574;7;0;5.974946215748787;4.161882679909468
196;Sergi Guardiola;Rayo Vallecano;32;1710;8;2;7.721280675381422;2.4964785389602184;0.41;0.13;F S;52;15;7;6.978002656251192;3;0;10.266967991366982;2.7958325874060392
197;Gonzalo Melero;Levante;29;1710;7;2;4.189242561347783;0.9693318018689752;0.22;0.05;M S;22;17;5;2.7026865081861615;5;0;5.815988017246127;2.6405534483492374
198;Alfonso;Villarreal;28;1710;4;4;1.6117760986089706;4.700777918100357;0.08;0.25;D S;22;24;4;1.6117760986089706;2;0;9.110445491969585;5.853963973000646
199;Anthony Lozano;Cadiz;31;1701;6;2;5.6898297891020775;0.787447601556778;0.3;0.04;F M S;48;10;6;5.6898297891020775;8;0;6.453837610781193;1.3123978842049837
200;De Marcos;Athletic Club;22;1700;1;2;0.44913070648908615;2.262094911187887;0.02;0.12;D S;3;18;1;0.44913070648908615;5;0;9.213638417422771;7.355937933549285
201;Enis Bardhi;Levante;30;1699;3;3;3.8470778055489063;3.228586081415415;0.2;0.17;F M S;43;41;1;2.3605232145637274;3;0;5.458221649751067;1.4471036922186613
202;Domingos Duarte;Granada;21;1689;1;0;0.7456888183951378;0.7041286136955023;0.04;0.04;D S;6;3;1;0.7456888183951378;7;1;2.8414588514715433;2.767464244738221
203;Mikel Oyarzabal;Real Sociedad;22;1685;9;3;9.382653720676899;4.0027330834418535;0.5;0.21;F M S;42;39;5;5.666264699772;0;1;10.354422569274902;3.250245600938797
204;Yangel Herrera;Espanyol;23;1666;1;1;1.2322233151644468;0.7918352838605642;0.07;0.04;M S;15;12;1;1.2322233151644468;5;1;4.693444170057774;3.19111780077219
205;Daniel Wass;Atletico Madrid;20;1665;1;1;1.9958121916279197;0.5653620045632124;0.11;0.03;M S;28;14;1;1.9958121916279197;7;0;4.788702603429556;3.513596346601844
206;Diego Rico;Real Sociedad;21;1653;0;0;0.2481263093650341;0.9743401873856783;0.01;0.05;D S;10;15;0;0.2481263093650341;4;0;5.053537666797638;4.1894857212901115
207;Igor Zubeldia;Real Sociedad;26;1650;0;1;0.9169872952625155;0.7935910914093256;0.05;0.04;D M S;9;2;0;0.9169872952625155;7;0;3.798265593126416;2.992197398096323
208;Antonio Sánchez;Mallorca;29;1642;1;0;1.6086714146658778;0.3847555983811617;0.09;0.02;M S;18;9;1;1.6086714146658778;4;0;4.78723493590951;3.0813279086723924
209;Pere Milla;Elche;32;1634;8;3;4.583406371995807;1.8208362068980932;0.25;0.1;F M S;29;12;8;4.583406371995807;4;0;9.573891461826861;3.7279223520308733
210;Edgar Méndez;Alaves;32;1626;1;1;1.4280463047325611;3.0556470789015293;0.08;0.17;F M S;25;18;1;1.4280463047325611;6;0;4.481748745776713;0.32242230232805014
211;Adnan Januzaj;Real Sociedad;33;1625;3;0;4.261331729590893;2.9965474903583527;0.24;0.17;F M S;42;34;1;2.7747760340571404;5;0;6.691021874547005;3.633511872962117
212;Martín Aguirregabiria;Alaves;24;1624;0;1;0.16709325183182955;0.6223430093377829;0.01;0.03;D M S;4;14;0;0.16709325183182955;4;0;3.4999521300196648;2.9717942187562585
213;Tete Morente;Elche;32;1624;3;3;2.813716341741383;2.1399175729602575;0.16;0.12;D M S;29;16;3;2.813716341741383;4;0;6.310883995611221;2.054699524771422
214;Giorgi Mamardashvili;Valencia;18;1620;0;0;0.0;0.0;0.0;0.0;GK;0;0;0;0.0;2;0;0.8463422935456038;0.8463422935456038
215;Raúl Guti;Elche;31;1617;0;0;1.1254021050408483;0.4013882940635085;0.06;0.02;M S;18;10;0;1.1254021050408483;2;1;5.505822837352753;4.484333178028464
216;Willian José;Real Betis;32;1615;9;4;6.6187627874314785;2.188668318092823;0.37;0.12;F S;35;22;6;4.388929720968008;2;0;8.81481671333313;3.452444599941373
217;Takefusa Kubo;Mallorca;28;1604;1;0;2.967476589605212;2.6974359024316072;0.17;0.15;F M S;48;33;1;2.967476589605212;4;0;7.4110894072800875;3.4544636476784945
218;Gabriel;Valencia;19;1603;2;1;1.1213888842612505;0.12139940075576305;0.06;0.01;D;6;4;2;1.1213888842612505;2;0;3.4640413150191307;3.337161388248205
219;Portu;Real Sociedad;37;1593;1;2;3.1350155621767044;2.856093116104603;0.18;0.16;F M S;25;18;0;2.391737535595894;5;0;7.038440562784672;2.3029767088592052
220;Borja Iglesias;Real Betis;33;1574;10;0;8.502993639558554;2.3201704546809196;0.49;0.13;F S;38;15;7;6.273163765668869;4;0;8.393713371828198;2.4330388978123665
221;Estupiñán;Villarreal;28;1571;0;1;0.8332497030496597;3.0931389816105366;0.05;0.18;D S;14;13;0;0.8332497030496597;3;0;11.31069670803845;8.163488669320941
222;Pedro Bigas;Elche;19;1566;1;0;0.766861692070961;0.21598659828305244;0.04;0.01;D;12;5;1;0.766861692070961;6;0;2.92174981161952;2.679632006213069
223;Ángel;Mallorca;29;1564;3;2;4.241434719413519;1.2229708703234792;0.24;0.07;F M S;27;13;3;4.241434719413519;4;0;5.249195349402726;0.9433925114572048
224;Maxime Gonalons;Granada;25;1561;0;2;0.275583203881979;0.619570005685091;0.02;0.04;M S;11;13;0;0.275583203881979;5;0;1.9287941865622997;1.2719111870974302
225;Daniel Carvajal;Real Madrid;24;1544;1;3;0.7491347957402468;2.551368208602071;0.04;0.15;D S;10;25;1;0.7491347957402468;1;0;10.871638990938663;9.495044238865376
226;Isaac Carcelén;Cadiz;25;1538;0;1;0.32742489594966173;0.9016636833548546;0.02;0.05;D M S;11;10;0;0.32742489594966173;2;0;3.2541322857141495;2.8827285915613174
227;Thomas Delaney;Sevilla;26;1533;2;1;1.3327284855768085;0.9759994186460972;0.08;0.06;M S;17;10;2;1.3327284855768085;2;1;4.002140317112207;2.441093396395445
228;Nacho;Real Madrid;28;1531;3;0;1.9614083841443062;0.2996765864081681;0.12;0.02;D S;10;8;3;1.9614083841443062;7;0;9.151928387582302;8.540986984968185
229;Salva Sevilla;Mallorca;28;1531;5;3;4.482671620324254;2.524148676544428;0.26;0.15;M S;25;26;1;1.5095609724521637;2;0;5.303176574409008;3.6347012845799327
230;Raíllo;Mallorca;17;1530;2;0;1.200106074102223;0.0;0.07;0.0;D;9;0;2;1.200106074102223;8;0;2.4811369255185127;2.4179720282554626
231;Carlos Clerc;Levante;19;1528;0;0;0.10556570068001747;0.876638300716877;0.01;0.05;D S;2;11;0;0.10556570068001747;6;0;2.886090822517872;2.3007305935025215
232;Sergiño Dest;Barcelona;21;1520;0;3;1.5507133025676012;2.850930977612734;0.09;0.17;D F S;12;18;0;1.5507133025676012;2;0;10.17777343466878;6.136438924819231
233;Rodrygo;Real Madrid;33;1509;4;4;4.440831275656819;3.107159008271992;0.26;0.19;F M S;34;28;4;4.440831275656819;4;0;12.49579444900155;5.530645906925201
234;Víctor Díaz;Granada;22;1501;1;0;0.794582121539861;0.1255225008353591;0.05;0.01;D S;12;3;1;0.794582121539861;4;0;0.9705176129937172;0.7941335048526525
235;Randy Nteka;Rayo Vallecano;34;1488;3;0;3.132841883227229;1.5983010157942772;0.19;0.1;F M S;29;14;3;3.132841883227229;2;0;4.4798564705997705;0.7915937881916761
236;Felipe;Atletico Madrid;26;1488;2;1;1.2815612256526947;0.6495694816112518;0.08;0.04;D S;11;5;2;1.2815612256526947;5;1;3.871247540228069;3.798184239305556
237;Sandro Ramírez;Getafe;29;1487;3;0;2.6245837984606624;1.0230101086199284;0.16;0.06;F S;50;13;3;2.6245837984606624;7;0;3.5609475020319223;1.203634393401444
238;Keidi Bare;Espanyol;25;1486;1;1;0.2593803983181715;0.6201844923198223;0.02;0.04;M S;4;8;1;0.2593803983181715;9;0;3.826046857982874;3.1846375707536936
239;Arnaut Danjuma Groeneveld;Villarreal;23;1483;10;3;12.822505246847868;2.3936407063156366;0.78;0.15;F M S;62;15;7;10.592675220221281;2;0;14.406457994133234;2.95650140568614
240;Franco Russo;Mallorca;19;1465;1;0;0.33263739943504333;0.5759459733963013;0.02;0.04;D S;6;1;1;0.33263739943504333;2;2;1.3203278984874487;1.3203278984874487
241;Thomas Lemar;Atletico Madrid;24;1458;4;5;4.04986366443336;3.5714904852211475;0.25;0.22;M S;29;31;4;4.04986366443336;2;0;10.168171186000109;5.720761759206653
242;Jasper Cillessen;Valencia;17;1457;0;1;0.0;0.016961999237537384;0.0;0.0;GK;0;1;0;0.0;1;0;2.6035376880317926;2.5865756813436747
243;Claudio Bravo;Real Betis;17;1456;0;0;0.0;0.3106060028076172;0.0;0.02;GK;0;1;0;0.0;2;0;1.722488796338439;1.4118827935308218
244;Edgar González;Real Betis;21;1446;1;1;1.0975067876279354;0.8777559697628021;0.07;0.05;D M S;5;3;1;1.0975067876279354;6;0;3.6257119812071323;3.2718799747526646
245;Varazdat Haroyan;Cadiz;17;1444;1;0;0.9659989774227142;0.18690482433885336;0.06;0.01;D S;3;4;1;0.9659989774227142;9;0;0.3353736186400056;0.2772483993321657
246;Thierry Correia;Valencia;19;1441;0;1;0.3782728062942624;1.1281057875603437;0.02;0.07;D M S;3;8;0;0.3782728062942624;5;0;4.372700920328498;2.970443120226264
247;Vedat Muriqi;Mallorca;16;1440;5;3;4.59363416582346;0.9894160870462656;0.29;0.06;F M;50;13;3;3.1070746295154095;6;0;4.710656549781561;1.6065959744155407
248;José Campaña;Levante;20;1440;2;2;1.786799643188715;1.4479917967692018;0.11;0.09;M S;13;23;2;1.0435256697237492;6;1;5.336611118167639;3.8417342081665993
249;Oihan Sancet;Athletic Club;27;1430;6;4;4.580787817016244;3.675088422372937;0.29;0.23;F S;30;27;6;4.580787817016244;2;0;11.136596862226725;4.557025324553251
250;Ferrán Torres;Barcelona;18;1427;4;4;7.609771836549044;3.7536381743848324;0.48;0.24;F M S;52;13;3;6.866493809968233;1;0;13.700073853135109;6.546535566449165
251;Víctor Ruiz;Real Betis;18;1427;0;0;1.1911942875012755;0.1548217013478279;0.08;0.01;D S;7;6;0;1.1911942875012755;2;0;2.8719696048647165;2.795102110132575
252;Sergio Escudero;Granada;27;1424;2;1;1.3796030040830374;1.4710320979356766;0.09;0.09;D M S;21;13;2;1.3796030040830374;6;0;4.291503896936774;3.317430378869176
253;Tomás Pina;Alaves;29;1422;0;0;0.6476921932771802;0.07670750003308058;0.04;0.0;M S;6;2;0;0.6476921932771802;4;0;2.692365100607276;2.074979677796364
254;Tomás Alarcón;Cadiz;23;1416;0;1;1.1230722162872553;1.041465312242508;0.07;0.07;M S;15;14;0;1.1230722162872553;5;0;1.5122842900454998;0.9100229032337666
255;Inigo Ruiz de Galarreta;Mallorca;22;1409;0;0;0.36777959764003754;0.8180030873045325;0.02;0.05;M S;8;11;0;0.36777959764003754;4;0;3.8978168666362762;3.185902263969183
256;Ousmane Dembélé;Barcelona;21;1405;1;13;3.1700700726360083;8.723081540316343;0.2;0.56;F M S;47;45;1;3.1700700726360083;3;0;15.586491797119379;6.434018086642027
257;Unai García;Osasuna;18;1402;0;0;0.3105439059436321;0.07868750020861626;0.02;0.01;D S;7;3;0;0.3105439059436321;5;0;0.45766480453312397;0.42328890785574913
258;Pere Pons;Alaves;27;1400;1;0;2.046254502609372;0.6390928104519844;0.13;0.04;M S;15;12;1;2.046254502609372;2;0;3.832942984998226;1.3636300852522254
259;Salvi Sánchez;Cadiz;23;1399;2;1;2.5896532982587814;1.13219790533185;0.17;0.07;M S;20;8;2;1.8463759198784828;1;1;2.6525435019284487;0.16052029840648174
260;Lee Kang-In;Mallorca;30;1398;1;2;1.4889294831082225;2.3026061840355396;0.1;0.15;F M S;36;22;1;1.4889294831082225;2;1;3.6089942790567875;1.5300316782668233
261;Renato Tapia;Celta Vigo;29;1397;0;0;0.6877123033627868;0.13829809054732323;0.04;0.01;M S;12;4;0;0.6877123033627868;10;0;3.525611043907702;3.2226539812982082
262;Gonzalo Verdú;Elche;19;1397;0;0;0.1293543018400669;0.0;0.01;0.0;D S;3;0;0;0.1293543018400669;10;0;2.243387009948492;2.243387009948492
263;Antonio Moya;Alaves;28;1392;0;1;0.9262001663446426;2.493540793657303;0.06;0.16;M S;12;23;0;0.9262001663446426;2;0;2.312203816138208;1.1510144835337996
264;Andrés Guardado;Real Betis;28;1390;0;1;0.875234505161643;0.41048350650817156;0.06;0.03;D M S;15;10;0;0.875234505161643;4;0;6.030519865453243;5.339098330587149
265;Darwin Machís;Granada;25;1389;3;3;1.431855603121221;1.9665154945105314;0.09;0.13;F M S;35;18;3;1.431855603121221;2;0;5.190230744890869;2.7428251560777426
266;Nolito;Celta Vigo;32;1374;2;0;2.7754334015771747;2.2512091072276235;0.18;0.15;M S;20;14;2;2.7754334015771747;1;0;6.903901039622724;2.392388876527548
267;Aissa Mandi;Villarreal;17;1368;1;0;1.8237323723733425;0.020785799250006676;0.12;0.0;D S;10;1;1;1.8237323723733425;3;0;6.999948482960463;6.9609854482114315
268;Luis Hernández;Cadiz;16;1363;0;0;0.38129389099776745;0.21675749868154526;0.03;0.01;D S;6;5;0;0.38129389099776745;5;0;4.488683542236686;4.320520235225558
269;Mikel Vesga;Athletic Club;32;1360;2;0;1.4007498156279325;0.9280129196122289;0.09;0.06;M S;14;12;2;1.4007498156279325;3;2;4.970564352348447;3.4838580917567015
270;Óscar Rodríguez;Getafe;29;1359;0;1;2.000391519628465;1.6335410187020898;0.13;0.11;F M S;39;16;0;2.000391519628465;3;0;7.767603300511837;5.154350647702813
271;Ximo Navarro;Alaves;18;1352;0;0;0.5951946098357439;0.7708486765623093;0.04;0.05;D S;10;4;0;0.5951946098357439;4;1;1.7773802932351828;0.5421484913676977
272;Kevin;Celta Vigo;17;1345;0;1;0.7493701130151749;1.286911517381668;0.05;0.09;D S;3;10;0;0.7493701130151749;3;0;4.906871255487204;3.167826160788536
273;Aihen Muñoz;Real Sociedad;20;1343;0;0;0.15454889927059412;0.3127271067351103;0.01;0.02;D S;7;6;0;0.15454889927059412;2;1;2.270794078707695;2.134369971230626
274;Jens Jonsson;Cadiz;22;1338;0;1;0.29737240076065063;0.9310518745332956;0.02;0.06;M S;6;8;0;0.29737240076065063;3;0;0.7192298993468285;0.3375899940729141
275;Montoro;Granada;24;1327;1;1;1.724006717093289;1.5003771120682359;0.12;0.1;M S;21;22;1;1.724006717093289;5;0;3.472212579101324;1.4970405027270317
276;Gonzalo Escalante;Alaves;17;1325;5;0;3.461054957471788;0.19892539735883474;0.24;0.01;M S;16;7;5;3.461054957471788;7;0;4.3980217687785625;1.8974783401936293
277;Samuel Chukwueze;Villarreal;27;1308;3;3;4.8456982765346766;4.700998198240995;0.33;0.32;F M S;32;27;3;4.8456982765346766;4;0;13.559952955693007;4.692692028358579
278;Reinildo;Atletico Madrid;17;1305;0;0;0.2533860057592392;0.08521589823067188;0.02;0.01;D S;2;3;0;0.2533860057592392;5;0;2.6172784082591534;2.5516461115330458
279;Youssef En-Nesyri;Sevilla;23;1305;5;1;6.818069335073233;1.1746131125837564;0.47;0.08;F S;37;6;4;6.074792321771383;1;0;8.266146648675203;2.8749556317925453
280;Nico Williams;Athletic Club;34;1299;0;0;3.313005317002535;1.374165391549468;0.23;0.1;M S;33;16;0;3.313005317002535;4;0;7.39544767793268;3.236501126550138
281;Raúl Torrente;Granada;18;1275;0;0;0.1648143958300352;0.1893215999007225;0.01;0.01;D S;4;4;0;0.1648143958300352;5;0;2.9757716692984104;2.837651450186968
282;Yunus Musah;Valencia;29;1268;1;0;0.46877359971404076;0.5384401977062225;0.03;0.04;F M S;7;9;1;0.46877359971404076;5;0;1.5412849076092243;0.7937682177871466
283;Boulaye Dia;Villarreal;25;1264;5;5;5.256488427519798;2.463763888925314;0.37;0.18;F S;37;16;5;5.256488427519798;3;0;10.02333758585155;2.6894341986626387
284;Sergio Rico;Mallorca;14;1260;0;0;0.0;0.02272850088775158;0.0;0.0;GK;0;1;0;0.0;0;0;0.09132359735667706;0.06859509646892548
285;Kiko Casilla;Elche;14;1260;0;0;0.0;0.050901900976896286;0.0;0.0;GK;0;1;0;0.0;3;0;1.2149896081537008;1.1640876065939665
286;João Félix;Atletico Madrid;24;1259;8;4;6.421432305127382;4.142435677349567;0.46;0.3;F M S;39;19;8;6.421432305127382;1;1;10.240179769694805;2.3597911782562733
287;Moi Gómez;Villarreal;29;1258;2;2;3.2599096037447453;2.424828676506877;0.23;0.17;F M S;13;18;2;3.2599096037447453;2;0;8.328711342066526;3.7300151847302914
288;Nemanja Radoja;Levante;19;1235;0;0;0.24550239741802216;0.6673323083668947;0.02;0.05;M S;5;7;0;0.24550239741802216;3;0;3.9503140673041344;3.156223561614752
289;Alberto Moreno;Villarreal;24;1222;3;2;2.450511148199439;2.81878150627017;0.18;0.21;D F M S;22;17;3;2.450511148199439;3;0;6.156586155295372;2.3093584198504686
290;Eduardo Camavinga;Real Madrid;26;1221;2;1;1.034620713442564;1.4098893068730831;0.08;0.1;M S;12;14;2;1.034620713442564;8;0;10.440289873629808;8.172811966389418
291;Gerard Moreno;Villarreal;17;1190;9;3;7.676860794425011;4.974263995885849;0.58;0.38;F S;38;30;8;6.19043343514204;2;0;10.593399696052074;2.3420440293848515
292;Jesús Corona;Sevilla;18;1175;2;4;1.9739898759871721;3.295649467036128;0.15;0.25;D F M S;12;25;2;1.9739898759871721;2;0;7.07255944609642;2.768893640488386
293;Zaldúa;Real Sociedad;24;1172;0;0;0.13246589992195368;0.3644383065402508;0.01;0.03;D M S;6;4;0;0.13246589992195368;6;0;1.893716617487371;1.5142350122332573
294;Renan Lodi;Atletico Madrid;29;1172;2;2;0.9801207091659307;2.395130567252636;0.08;0.18;D M S;10;11;2;0.9801207091659307;4;0;7.670794330537319;5.180695001035929
295;Josan;Elche;31;1169;2;3;0.856276199221611;3.0691694179549813;0.07;0.24;D M S;12;18;2;0.856276199221611;2;0;5.3879800932481885;2.2569950129836798
296;Uros Racic;Valencia;28;1169;0;0;0.9880660027265549;0.2522738818079233;0.08;0.02;M S;16;5;0;0.9880660027265549;1;1;2.1777907125651836;1.379451498389244
297;Aitor Fernández;Levante;13;1169;0;0;0.0;0.0;0.0;0.0;GK;0;0;0;0.0;1;1;1.6659339163452387;1.6659339163452387
298;Rodrigo Battaglia;Mallorca;26;1158;0;0;0.27225659415125847;0.10112280119210482;0.02;0.01;M S;5;3;0;0.27225659415125847;4;0;2.4618263114243746;2.3272742070257664
299;Aridane Hernández;Osasuna;15;1156;0;0;0.09942689910531044;0.07266639918088913;0.01;0.01;D S;2;2;0;0.09942689910531044;1;0;1.2836886658333242;1.2836886658333242
300;Unai López;Rayo Vallecano;27;1134;0;0;1.3318629823625088;2.068337405100465;0.11;0.16;M S;19;24;0;1.3318629823625088;5;0;6.559327069669962;4.615678637288511
301;Guido Carrillo;Elche;29;1130;2;0;4.040976621210575;0.20757589861750603;0.32;0.02;F S;23;6;2;4.040976621210575;3;0;5.712863443419337;2.531191147863865
302;Manuel Morlanes;Espanyol;27;1130;2;0;0.744003789499402;0.5487822899594903;0.06;0.04;M S;8;6;2;0.744003789499402;6;1;5.793320028111339;5.006082411855459
303;Mickaël Malsa;Levante;26;1128;1;2;1.10750350356102;1.3140704818069935;0.09;0.1;M S;13;10;1;1.10750350356102;7;0;4.623432656750083;3.1343299709260464
304;Thiago Galhardo;Celta Vigo;31;1115;2;2;4.177715596742928;2.920944280922413;0.34;0.24;F S;29;12;2;4.177715596742928;5;0;8.157869030721486;1.5487493425607681
305;Jeison Murillo;Celta Vigo;19;1115;0;0;0.46349840983748436;0.024588599801063538;0.04;0.0;D S;6;1;0;0.46349840983748436;4;1;2.4111559577286243;2.068727046251297
306;Dani Alves;Barcelona;14;1111;1;3;0.15232730377465487;2.385933291167021;0.01;0.19;D S;5;22;1;0.15232730377465487;2;1;7.14402762055397;6.421948060393333
307;Nico González;Barcelona;27;1107;2;1;1.424246771261096;0.8186406120657921;0.12;0.07;M S;17;13;2;1.424246771261096;6;0;7.858791917562485;5.745404623448849
308;Pierre-Emerick Aubameyang;Barcelona;17;1105;10;1;8.833519843406975;1.3020352981984615;0.72;0.11;F S;36;8;10;8.833519843406975;0;0;11.538495776243508;2.6042123110964894
309;Hélder Costa;Valencia;22;1104;0;1;0.4271783046424389;1.4883191110566258;0.03;0.12;M S;9;16;0;0.4271783046424389;3;0;2.5123536102473736;1.4263392481952906
310;Rubén Alcaraz;Cadiz;14;1103;2;0;1.2377214133739471;0.7618731986731291;0.1;0.06;M S;23;14;2;1.2377214133739471;7;0;3.5606241524219513;2.54730037599802
311;Oier Zarraga;Athletic Club;31;1100;1;0;1.2774135256186128;0.15671440213918686;0.1;0.01;M S;18;5;0;0.5341354990378022;5;0;4.046911982819438;3.536167034879327
312;Fernando Calero;Espanyol;16;1099;0;0;0.09023410081863403;0.09878960065543652;0.01;0.01;D S;1;2;0;0.09023410081863403;3;0;3.136921029537916;3.1203950457274914
313;José Ángel;Osasuna;23;1085;1;1;0.19814606849104166;1.9427845254540443;0.02;0.16;D S;11;8;1;0.19814606849104166;3;1;3.957037778571248;2.874195635318756
314;Karim Rekik;Sevilla;18;1083;0;2;0.292313102632761;0.2889222018420696;0.02;0.02;D S;5;5;0;0.292313102632761;2;0;3.1810442078858614;3.1687012035399675
315;Gonzalo Montiel;Sevilla;18;1075;0;2;0.2663545999675989;1.7949325181543827;0.02;0.15;D S;4;11;0;0.2663545999675989;7;0;4.607640419155359;3.5156369246542454
316;Rafinha;Real Sociedad;17;1073;1;0;2.7260562237352133;0.8344432068988681;0.23;0.07;F M S;14;9;1;2.7260562237352133;3;0;6.47470248863101;3.4744553454220295
317;Iván Alejo;Cadiz;20;1072;2;2;1.2362871216610074;1.9338519293814898;0.1;0.16;M S;12;20;2;1.2362871216610074;7;0;4.867055531591177;1.9478601776063442
318;Nahuel Tenaglia;Alaves;14;1072;0;0;0.15993820317089558;0.17089490219950676;0.01;0.01;D S;6;3;0;0.15993820317089558;2;0;2.3307974487543106;2.0832044258713722
319;Pathé Ciss;Rayo Vallecano;31;1061;2;1;1.8498461027629673;0.2989353947341442;0.16;0.03;M S;19;4;2;1.8498461027629673;5;0;3.068038016092032;2.5277184676378965
320;Nicolás Melamed;Espanyol;31;1058;2;0;0.9377439897507429;1.08558189868927;0.08;0.09;F M S;20;13;2;0.9377439897507429;3;1;2.904014116153121;1.1552767902612686
321;Oussama Idrissi;Cadiz;17;1057;1;1;2.552032236009836;2.5567196682095528;0.22;0.22;F M S;25;22;1;2.552032236009836;3;0;6.442342568188906;2.259615406394005
322;Borja Mayoral;Getafe;18;1051;6;1;3.008958626538515;1.0571773340925574;0.26;0.09;F S;17;13;5;2.2656812015920877;3;0;4.07621200196445;1.0000249752774835
323;Manu García;Alaves;24;1047;0;1;0.36228069849312305;1.124371889512986;0.03;0.1;M S;8;20;0;0.36228069849312305;3;0;1.236526696011424;0.5876366123557091
324;Dani Gómez;Levante;28;1046;4;2;4.414535593241453;2.0635522035881877;0.38;0.18;F S;31;12;4;4.414535593241453;1;0;9.065005078911781;3.470768593251705
325;Álex Collado;Granada;17;1042;2;1;1.0023274840787053;0.9472282882779837;0.09;0.08;F M S;17;17;2;1.0023274840787053;1;0;3.476820464245975;2.359351474791765
326;Nikola Maras;Rayo Vallecano;16;1038;0;0;0.04444510117173195;0.062027499079704285;0.0;0.01;D S;1;3;0;0.04444510117173195;4;0;0.74595439247787;0.7264905925840139
327;Antonio Barragán;Elche;16;1037;0;0;0.04748560115695;0.0644639004021883;0.0;0.01;D S;1;2;0;0.04748560115695;5;0;1.2404645048081875;1.1760005988180637
328;Vicente Iborra;Villarreal;20;1033;0;1;1.0980575922876596;0.5616094097495079;0.1;0.05;M S;8;2;0;1.0980575922876596;4;0;7.693986777216196;7.270136807113886
329;Nemanja Gudelj;Sevilla;21;1026;0;0;0.15305650047957897;0.09393470175564289;0.01;0.01;D M S;4;2;0;0.15305650047957897;5;0;1.3556774035096169;1.2961079888045788
330;Matheus Cunha;Atletico Madrid;29;1026;6;4;7.314570837654173;2.119887415319681;0.64;0.19;F S;37;8;6;7.314570837654173;3;0;10.537528716027737;3.1179433912038803
331;Yuri;Athletic Club;14;1012;1;2;0.6456546001136303;1.2276341393589973;0.06;0.11;D S;8;7;1;0.6456546001136303;3;0;4.264261722564697;3.080016601830721
332;Erik Lamela;Sevilla;20;1008;5;2;2.84443299472332;2.222773291170597;0.25;0.2;F M S;21;21;5;2.84443299472332;5;0;8.838894620537758;5.00653463229537
333;Óscar Melendo;Espanyol;21;1005;0;0;0.5069438964128494;1.2825016723945737;0.05;0.11;F M S;8;18;0;0.5069438964128494;0;0;5.503653610125184;4.290976628661156
334;Giovani Lo Celso;Villarreal;16;1001;1;1;1.7190865967422724;2.4132529348134995;0.15;0.22;F M S;18;17;1;1.7190865967422724;2;0;6.646165758371353;3.5761318895965815
335;Serge Aurier;Villarreal;19;993;0;1;0.7485052943229675;0.9090102128684521;0.07;0.08;D S;11;6;0;0.7485052943229675;4;0;9.007555840536952;8.569230483844876
336;Óliver Torres;Sevilla;26;989;2;3;0.6649547042325139;2.197087712585926;0.06;0.2;F M S;14;12;2;0.6649547042325139;2;0;5.807587901130319;4.8615292478352785
337;Kieran Trippier;Atletico Madrid;15;974;0;0;0.11717800050973892;0.3361988943070173;0.01;0.03;D M S;2;7;0;0.11717800050973892;1;0;3.754542540758848;3.575937520712614
338;Florentino Luís;Getafe;22;969;0;1;0.058508601039648056;0.3305617989972234;0.01;0.03;M S;3;9;0;0.058508601039648056;2;0;1.5033290274441242;1.1577147133648396
339;Tonny Vilhena;Espanyol;17;960;1;1;0.7919577043503523;0.9555212995037436;0.07;0.09;D F M S;15;11;1;0.7919577043503523;4;0;3.080430917441845;2.2731185741722584
340;Cala;Cadiz;14;939;0;0;0.6024079155176878;0.4380278065800667;0.06;0.04;D S;5;2;0;0.6024079155176878;6;1;0.6702404916286469;0.6702404916286469
341;Marcos de Sousa;Valencia;29;933;1;3;3.2026079669594765;2.835855981335044;0.31;0.27;F M S;30;13;1;3.2026079669594765;3;0;6.044469064101577;0.4349055038765073
342;Njegos Petrovic;Granada;15;915;0;0;0.49880119785666466;0.07233227323740721;0.05;0.01;M S;9;2;0;0.49880119785666466;5;0;2.060941381379962;1.8665167158469558
343;Sime Vrsaljko;Atletico Madrid;21;904;1;2;1.080970985814929;0.8506032899022102;0.11;0.08;D S;4;3;1;1.080970985814929;4;0;3.2864190097898245;2.7767677158117294
344;Pedri;Barcelona;12;891;4;0;1.2112755179405212;0.889423182234168;0.12;0.09;M S;12;14;4;1.2112755179405212;0;0;9.613890536129475;8.31650871783495
345;Óscar Mingueza;Barcelona;19;887;0;1;0.11221149936318398;1.1939239874482155;0.01;0.12;D S;2;9;0;0.11221149936318398;2;0;4.936494458466768;4.317841459065676
346;Rodrigo Sánchez;Real Betis;21;884;1;2;1.629441298544407;1.8626414071768522;0.17;0.19;M S;15;17;1;1.629441298544407;1;0;6.020620523020625;3.654774008318782
347;Amath Diedhiou;Mallorca;19;881;0;1;0.9410604108124971;0.7813399992883205;0.1;0.08;F M S;10;6;0;0.9410604108124971;5;0;2.4186764154583216;1.4709514062851667
348;Ander Guevara;Real Sociedad;17;878;0;0;0.07582440041005611;0.24793149903416634;0.01;0.03;M S;2;6;0;0.07582440041005611;2;0;2.804378790780902;2.5919433925300837
349;Fernando Niño;Mallorca;23;875;2;0;4.591143853962421;0.4079248011112213;0.47;0.04;F S;23;9;2;4.591143853962421;2;0;4.341684248298407;0.23861268255859613
350;Javi Martínez;Osasuna;26;857;1;1;0.8042541807517409;0.6639105854555964;0.08;0.07;M S;10;11;1;0.8042541807517409;1;0;3.930870123207569;2.6887244135141373
351;Myrto Uzuni;Granada;15;857;1;1;1.1313063064590096;1.3637040052562952;0.12;0.14;D F M S;11;7;1;1.1313063064590096;4;0;3.149833355098963;0.8394465772435069
352;Fede San Emeterio;Cadiz;12;853;0;0;0.0;0.6051832884550095;0.0;0.06;M S;0;3;0;0.0;3;0;1.8597645405679941;1.6173135433346033
353;Kike Barja;Osasuna;21;848;2;0;2.234138867817819;0.8684635013341904;0.24;0.09;F M S;17;5;2;2.234138867817819;2;0;5.51163069717586;2.558451507240534
354;Sergio Postigo;Levante;13;847;0;0;0.09542040154337883;0.17298269737511873;0.01;0.02;D S;2;3;0;0.09542040154337883;3;0;1.5309309903532267;1.5153199974447489
355;Aitor Ruibal;Real Betis;19;842;0;0;1.4689486138522625;1.2106070090085268;0.16;0.13;D M S;20;11;0;1.4689486138522625;6;0;3.309092352166772;1.340215602889657
356;Miguel De la Fuente;Alaves;22;832;1;1;2.365213455632329;0.5297265108674765;0.26;0.06;F M S;22;5;1;2.365213455632329;2;0;3.1460153497755527;0.42646013479679823
357;Héctor Herrera;Atletico Madrid;21;832;0;0;0.29886799212545156;0.5982242943719029;0.03;0.06;M S;8;10;0;0.29886799212545156;4;0;2.7618050444871187;2.3926545549184084
358;Matt Miazga;Alaves;11;825;0;0;0.3793249949812889;0.16239500045776367;0.04;0.02;D S;7;2;0;0.3793249949812889;2;0;0.14459160063415766;0.14459160063415766
359;Ilaix Moriba;Valencia;14;820;0;0;0.6496070865541697;0.4239870011806488;0.07;0.05;M S;14;2;0;0.6496070865541697;6;1;1.8473355546593666;1.2027189284563065
360;Falcao;Rayo Vallecano;22;812;6;0;5.830461908131838;0.5145781049504876;0.65;0.06;F S;34;6;6;5.830461908131838;1;0;5.467607350088656;0.6519907955080271
361;Clement Lenglet;Barcelona;21;808;0;1;0.20299839973449707;0.4795539975166321;0.02;0.05;D S;2;2;0;0.20299839973449707;4;0;5.326362257823348;5.032515360042453
362;Bebé;Rayo Vallecano;29;808;1;2;1.8557401979342103;2.2234759144484997;0.21;0.25;M S;50;16;1;1.8557401979342103;2;0;4.779862781055272;2.4370386097580194
363;Iván Marcone;Elche;20;807;0;0;0.10004080086946487;0.0;0.01;0.0;M S;2;0;0;0.10004080086946487;5;0;2.571495075710118;2.471454375423491
364;Jesús Vázquez;Valencia;15;806;0;0;0.35715239495038986;0.1727724988013506;0.04;0.02;D M S;4;6;0;0.35715239495038986;0;0;1.3264091722667217;0.8416371867060661
365;Francis Coquelin;Villarreal;20;805;2;1;0.2550812065601349;0.6773870065808296;0.03;0.08;M S;5;10;2;0.2550812065601349;3;0;4.841039100661874;4.192261284217238
366;Youssouf Sabaly;Real Betis;10;792;0;1;0.10872359946370125;0.3786402903497219;0.01;0.04;D S;4;7;0;0.10872359946370125;1;0;2.422872833907604;2.109526937827468
367;Paco Alcácer;Villarreal;18;791;1;3;3.3991579227149487;1.6770221143960953;0.39;0.19;F S;18;7;1;3.3991579227149487;1;0;5.924509804695845;2.585264891386032
368;Juan Miranda;Real Betis;13;782;0;2;0.20273620169609785;1.7824192717671394;0.02;0.21;D S;6;7;0;0.20273620169609785;2;0;3.3075254037976265;2.115754120051861
369;Cristian Tello;Real Betis;23;778;2;2;1.8459649793803692;1.9767935369163752;0.21;0.23;M S;29;16;2;1.8459649793803692;2;0;5.221987759694457;2.378418391570449
370;Ludwig Augustinsson;Sevilla;19;778;0;1;0.24200160428881645;0.7400742061436176;0.03;0.09;D M S;4;9;0;0.24200160428881645;3;0;1.583624835126102;1.2493365416303277
371;Roberto Torres;Osasuna;28;768;2;2;1.939333044923842;2.577352368272841;0.23;0.3;F M S;15;24;0;0.4527771109715104;3;0;3.40319053363055;1.690943118184805
372;Alberto Perea;Cadiz;18;766;0;1;1.1785377990454435;0.7784175984561443;0.14;0.09;M S;17;12;0;1.1785377990454435;2;0;2.2721983194351196;0.9461704976856709
373;Bryan Gil Salvatierra;Valencia;13;763;0;1;1.5470373090356588;1.3566898964345455;0.18;0.16;F M S;11;10;0;1.5470373090356588;3;0;3.580253018066287;1.0962962955236435
374;Jason;Alaves;19;752;0;1;0.9069329197518528;1.563448704779148;0.11;0.19;M S;11;19;0;0.9069329197518528;3;0;2.7063269298523664;1.426114591769874
375;David López;Espanyol;18;746;0;0;0.4746213015168905;0.48084618896245956;0.06;0.06;D M S;5;3;0;0.4746213015168905;1;0;1.808621870353818;1.3658104874193668
376;Oier;Osasuna;25;738;1;0;1.0599362924695015;0.14899550005793571;0.13;0.02;M S;10;2;1;1.0599362924695015;2;0;1.618147611618042;1.3075802084058523
377;Rubén Rochina;Granada;15;735;1;3;0.6523347944021225;1.0566759901121259;0.08;0.13;F M S;15;13;1;0.6523347944021225;3;0;2.112682565115392;1.4689135989174247
378;Eden Hazard;Real Madrid;18;709;0;1;1.2735963091254234;2.05935550481081;0.16;0.26;F M S;12;27;0;1.2735963091254234;3;0;5.316219609230757;2.462470129132271
379;Mario Suárez;Rayo Vallecano;14;709;0;0;1.4804580062627792;0.025313999503850937;0.19;0.0;D S;9;1;0;1.4804580062627792;2;0;1.8000704757869244;1.397001177072525
380;Juan Iglesias;Getafe;20;695;0;1;0.0722378995269537;0.8717759819701314;0.01;0.11;D S;5;8;0;0.0722378995269537;1;0;1.4791038921102881;0.6663883086293936
381;Augusto Solari;Celta Vigo;26;685;0;0;0.2529571009799838;0.7371306791901588;0.03;0.1;M S;7;5;0;0.2529571009799838;5;0;3.0659540249034762;2.095324754714966
382;Martín Cáceres;Levante;10;678;0;0;0.0;0.14382179826498032;0.0;0.02;D S;0;3;0;0.0;2;0;0.997080385684967;0.9085614085197449
383;Monchu;Granada;14;668;0;0;0.33357770182192326;0.7692420184612274;0.04;0.1;M S;8;3;0;0.33357770182192326;3;1;2.042527706362307;1.1197888860478997
384;Ezequiel Ponce;Elche;13;665;1;0;2.922976817935705;0.2680153027176857;0.4;0.04;F S;15;7;1;2.922976817935705;1;1;3.4496605806052685;0.8228388838469982
385;Pablo Martínez;Levante;13;662;0;1;0.34092430118471384;1.002152070403099;0.05;0.14;M S;11;6;0;0.34092430118471384;2;0;2.060405161231756;0.7654029857367277
386;Shkodran Mustafi;Levante;11;652;1;0;0.09396409802138805;0.0;0.01;0.0;D S;4;0;1;0.09396409802138805;1;0;0.9106254894286394;0.8922301903367043
387;Roberto Soldado;Levante;18;651;3;2;3.742475003004074;0.9499730970710516;0.52;0.13;F S;17;7;3;3.742475003004074;6;1;4.724131278693676;0.22497340105473995
388;Luca Zidane;Rayo Vallecano;8;645;0;0;0.0;0.0;0.0;0.0;GK;0;0;0;0.0;0;1;0.9752106051892042;0.9752106051892042
389;Facundo Pellistri;Alaves;21;636;0;0;0.5059835929423571;0.33521300368011;0.07;0.05;F M S;7;6;0;0.5059835929423571;0;0;1.1089470963925123;0.3314249087125063
390;Jaime Mata;Getafe;22;626;1;0;1.1104427073150873;0.5862797060981393;0.16;0.08;F S;10;8;1;1.1104427073150873;6;0;1.8560283314436674;0.24527589045464993
391;Abdón Prats;Mallorca;23;625;3;0;1.4287455957382917;0.6283107958734035;0.21;0.09;F S;18;10;3;1.4287455957382917;2;0;2.006172889843583;0.3041926985606551
392;Luuk de Jong;Barcelona;21;623;6;0;5.1409265752881765;0.2881234921514988;0.74;0.04;F S;24;6;6;5.1409265752881765;1;0;5.151816600933671;1.1738356221467257
393;Unai Núñez;Athletic Club;9;621;0;0;0.6969150900840759;0.0837750006467104;0.1;0.01;D S;6;2;0;0.6969150900840759;2;0;1.4831677116453648;1.4831677116453648
394;Mario;Villarreal;12;617;0;0;0.21614630334079266;0.6112431269139051;0.03;0.09;D S;4;5;0;0.21614630334079266;1;0;2.6310436129570007;2.416820302605629
395;Enric Franquesa;Levante;16;607;0;0;0.03487810119986534;0.1498594954609871;0.01;0.02;D M S;1;3;0;0.03487810119986534;1;0;0.856688592582941;0.7430103905498981
396;Mamadou Sylla;Alaves;25;604;0;0;1.2443447895348072;0.23911869898438454;0.19;0.04;F S;13;5;0;1.2443447895348072;3;0;1.413289294578135;0.3539931941777468
397;Toni Lato;Valencia;11;591;0;1;0.0;0.5599472988396883;0.0;0.09;D S;0;3;0;0.0;5;0;1.0057027814909816;0.48822580371052027
398;Darío Benedetto;Elche;14;587;2;1;2.683130362536758;0.4796197135001421;0.41;0.07;F S;18;4;2;2.683130362536758;1;0;3.4057389982044697;0.35049389861524105
399;Okay Yokuslu;Celta Vigo;19;583;0;0;0.43163040094077587;0.0;0.07;0.0;D M S;6;0;0;0.43163040094077587;1;0;0.3096573017537594;0.293817101046443
400;Abdessamad Ezzalzouli;Barcelona;10;580;1;0;1.9003530126065016;1.1206651888787746;0.29;0.17;F M S;16;6;1;1.9003530126065016;4;0;3.7137255258858204;1.040540523827076
401;Jakub Jankto;Getafe;14;578;0;2;0.19515470415353775;1.2111660800874233;0.03;0.19;D M S;6;5;0;0.19515470415353775;1;0;2.1077126460149884;0.7644964950159192
402;Alejandro Cantero;Levante;25;577;0;1;2.125063482671976;0.5596913993358612;0.33;0.09;F M S;15;3;0;2.125063482671976;1;0;4.000779842957854;1.418714202940464
403;Luis Abram;Granada;8;571;0;0;0.3681686893105507;0.0;0.06;0.0;D S;2;0;0;0.3681686893105507;2;0;0.3069607065990567;0.3069607065990567
404;Alberto Soro;Granada;16;560;0;0;0.6769711887463927;0.8560107927769423;0.11;0.14;F M S;7;8;0;0.6769711887463927;0;0;1.8554510036483407;0.774143778719008
405;Denis Cheryshev;Valencia;17;544;0;1;1.0756503883749247;0.7134228702634573;0.18;0.12;M S;10;3;0;1.0756503883749247;1;0;1.9073668830096722;0.9336182773113251
406;Ander Barrenetxea;Real Sociedad;11;543;1;1;0.4089016951620579;1.0559905786067247;0.07;0.18;F M S;8;7;1;0.4089016951620579;0;0;1.6391618996858597;0.35080160945653915
407;Sergio Asenjo;Villarreal;6;540;0;0;0.0;0.0;0.0;0.0;GK;0;0;0;0.0;1;0;0.47314160875976086;0.47314160875976086
408;Marko Dmitrovic;Sevilla;6;540;0;0;0.0;0.0;0.0;0.0;GK;0;0;0;0.0;0;0;1.4724800419062376;1.4724800419062376
409;Loren Morón;Espanyol;22;532;1;0;0.9020864074118435;0.4378879889845848;0.15;0.07;F M S;10;4;1;0.9020864074118435;0;0;1.0863738912157714;0.35380851197987795
410;Paul Akouokou;Real Betis;8;524;0;0;0.05525069870054722;0.18823139742016792;0.01;0.03;M S;2;3;0;0.05525069870054722;2;1;0.7254720963537693;0.5433120839297771
411;Martín Montoya;Real Betis;6;524;0;1;0.21506310626864433;0.9892570078372955;0.04;0.17;D;5;3;0;0.21506310626864433;2;0;2.091221697628498;0.9665099959820509
412;Javier Pastore;Elche;13;523;0;0;0.46066829841583967;1.1287083593197167;0.08;0.19;M S;8;11;0;0.46066829841583967;2;0;1.7874021902680397;0.317072382196784
413;Landry Dimata;Espanyol;17;522;0;0;1.5812489166855812;0.5213160067796707;0.27;0.09;F S;8;5;0;1.5812489166855812;0;0;1.8495332300662994;0.4461876153945923
414;Marcelo;Real Madrid;12;522;0;2;0.6303644068539143;0.8518197126686573;0.11;0.15;D S;8;9;0;0.6303644068539143;0;0;3.9148781187832355;2.8160217627882957
415;Kike Pérez;Elche;12;512;2;0;1.1563991121947765;0.9002515547908843;0.2;0.16;F M S;10;6;2;1.1563991121947765;1;0;3.279299816582352;1.3009682279080153
416;Asier Villalibre;Athletic Club;19;505;2;0;2.6598040089011192;0.18739090114831924;0.47;0.03;F S;19;3;2;2.6598040089011192;0;0;2.581265039741993;0.13272619992494583
417;Anthony Martial;Sevilla;9;504;0;1;0.5156101025640965;0.20956240221858025;0.09;0.04;F M S;7;3;0;0.5156101025640965;1;0;1.0026971884071827;0.34543129801750183
418;Philippe Coutinho;Barcelona;12;501;2;0;3.2284540440887213;0.5882539749145508;0.58;0.11;F M S;24;1;1;2.4851770754903555;1;0;4.5923401191830635;2.3207045197486877
419;Marc Pubill;Levante;11;494;0;1;0.9730324689298868;1.1680405037477612;0.18;0.21;D S;6;6;0;0.9730324689298868;1;0;3.161559180356562;1.2002764157950878
420;Carlos Bacca;Granada;17;493;0;1;0.7359157130122185;0.803820407949388;0.13;0.15;F S;9;7;0;0.7359157130122185;2;0;1.641680896282196;0.1289323978126049
421;Santiago Arzamendia;Cadiz;14;458;1;0;0.21869928669184446;0.03578779846429825;0.04;0.01;D M S;7;1;1;0.21869928669184446;2;0;0.9822224089875817;0.743805292993784
422;Javier López;Alaves;9;454;0;0;0.0;0.21223659813404083;0.0;0.04;D S;0;4;0;0.0;2;0;0.3762516975402832;0.16401510313153267
423;Riqui Puig;Barcelona;15;453;1;0;1.163424606435001;0.13444690126925707;0.23;0.03;M S;9;5;1;1.163424606435001;0;0;3.4611983951181173;3.086696568876505
424;Munir;Sevilla;16;448;2;0;1.4102425146847963;0.6757872104644775;0.28;0.14;F M S;12;7;2;1.4102425146847963;2;0;2.5114589985460043;0.7064442858099937
425;Wu Lei;Espanyol;23;447;1;0;1.1182619221508503;1.2666888013482094;0.23;0.26;F M S;7;7;1;1.1182619221508503;0;0;2.367869194597006;0.5266250679269433
426;Jordi Mboula;Mallorca;11;432;0;0;0.4385470002889633;0.09725059941411018;0.09;0.02;F M S;5;3;0;0.4385470002889633;2;0;1.0501933824270964;0.8561213836073875
427;Kévin Rodrigues;Rayo Vallecano;13;431;0;0;0.07126189861446619;0.06856849882751703;0.01;0.01;D M S;4;3;0;0.07126189861446619;0;0;0.8097551874816418;0.6906647980213165
428;Santiago Arias;Granada;12;427;1;0;0.7051762882620096;0.21441830322146416;0.15;0.05;D S;3;5;1;0.7051762882620096;1;0;1.1109176082536578;0.8843826008960605
429;Joaquín;Real Betis;21;418;0;1;2.035891730338335;1.590474996715784;0.44;0.34;M S;10;15;0;2.035891730338335;0;0;4.24674866348505;2.1037013344466686
430;Eray Cömert;Valencia;8;414;0;0;0.48334940150380135;0.05211950093507767;0.11;0.01;D S;3;1;0;0.48334940150380135;2;0;0.23433050513267517;0.18221100233495235
431;Manu Vallejo;Alaves;20;410;1;1;0.7939940914511681;0.7334174904972315;0.17;0.16;F M S;6;5;1;0.7939940914511681;3;0;1.955521583557129;1.1402849033474922
432;Erick Cabaco;Getafe;10;408;0;1;0.09453540295362473;0.5341807082295418;0.02;0.12;D S;1;2;0;0.09453540295362473;1;1;0.2350092064589262;0.2182592060416937
433;Suso;Sevilla;8;399;0;1;0.24905809573829174;0.2915811985731125;0.06;0.07;F M S;6;4;0;0.24905809573829174;0;0;2.0492701083421707;1.7913086358457804
434;Sergi Roberto;Barcelona;9;398;2;1;1.3414893224835396;0.3175846040248871;0.3;0.07;D M S;4;4;2;1.3414893224835396;1;0;1.9510364904999733;0.36335739493370056
435;Mario Hernández;Rayo Vallecano;9;397;1;0;0.27079590037465096;0.061160799115896225;0.06;0.01;D M S;3;2;1;0.27079590037465096;3;0;0.27878510020673275;0.033625099807977676
436;Aleksander Sedlar;Mallorca;10;395;0;0;0.0;0.04658279940485954;0.0;0.01;D S;0;2;0;0.0;3;1;0.6868251170963049;0.6402423158288002
437;Iván Chapela;Cadiz;9;393;0;0;0.10950839892029762;0.11866110190749168;0.03;0.03;M S;3;2;0;0.10950839892029762;0;0;0.7100573033094406;0.5447284858673811
438;Asier Illarramendi;Real Sociedad;8;384;0;0;0.0;0.2963515967130661;0.0;0.07;M S;0;4;0;0.0;1;0;0.999197319149971;0.8322158120572567
439;José Mari;Cadiz;11;377;0;0;0.21951910108327866;0.015393099747598171;0.05;0.0;M S;4;1;0;0.21951910108327866;1;1;2.014055497944355;1.9221539050340652
440;Adama Traoré;Barcelona;11;375;0;2;0.6185917891561985;1.1917031034827232;0.15;0.29;F S;9;7;0;0.6185917891561985;0;0;2.283962931483984;0.5817048065364361
441;Alex Petxarromán;Athletic Club;17;369;0;0;0.11824609711766243;0.32592499256134033;0.03;0.08;D S;2;1;0;0.11824609711766243;4;0;1.9531538989394903;1.8741178940981627
442;Jon Pacheco Dozagarat;Real Sociedad;10;366;0;0;0.0;0.0;0.0;0.0;D S;0;0;0;0.0;1;0;1.6508411429822445;1.6508411429822445
443;Darío Poveda;Getafe;15;361;1;0;0.37580991815775633;0.07892479933798313;0.09;0.02;F S;4;3;1;0.37580991815775633;0;0;0.9209253368899226;0.4968632999807596
444;Julen Agirrezabala;Athletic Club;4;360;0;0;0.0;0.0;0.0;0.0;GK;0;0;0;0.0;0;0;0.10489340126514435;0.10489340126514435
445;Giovanni González;Mallorca;9;356;1;0;0.42253461107611656;0.7873665159568191;0.11;0.2;D S;3;7;1;0.42253461107611656;1;0;1.8546139933168888;0.707419615238905
446;Jesús Vallejo;Real Madrid;5;343;0;0;0.0;0.02082669921219349;0.0;0.01;D S;0;1;0;0.0;1;0;1.079172695055604;1.079172695055604
447;Jaume;Valencia;4;343;0;0;0.0;0.0;0.0;0.0;GK S;0;0;0;0.0;1;0;0.2969647888094187;0.2969647888094187
448;Mariano;Real Madrid;9;340;1;1;2.6653716135770082;1.3475059466436505;0.71;0.36;F S;14;6;1;2.6653716135770082;2;0;3.811642919667065;0.4383083041757345
449;Carlos Domínguez;Celta Vigo;8;338;0;0;0.06664770096540451;0.0;0.02;0.0;D S;1;0;0;0.06664770096540451;1;0;0.1103690043091774;0.1103690043091774
450;Luka Jovic;Real Madrid;15;337;1;3;2.5515163615345955;1.3810150176286697;0.68;0.37;F S;16;5;1;2.5515163615345955;1;0;4.332983992993832;1.0678401850163937
451;Iñigo Pérez;Osasuna;10;336;1;0;0.14309339597821236;1.512879028916359;0.04;0.41;M S;4;9;1;0.14309339597821236;0;0;1.1502497792243958;0.7803555950522423
452;David Timor;Getafe;7;333;0;0;0.2382859978824854;0.015801899135112762;0.06;0.0;M S;8;1;0;0.2382859978824854;2;0;0.3693339005112648;0.30522190406918526
453;Cristiano Piccini;Valencia;6;323;1;0;0.15141290426254272;0.19269699603319168;0.04;0.05;D S;3;2;1;0.15141290426254272;1;0;0.6508255023509264;0.4581289980560541
454;Anssumane Fati;Barcelona;10;323;4;0;1.328133013099432;0.4669700004160404;0.37;0.13;F S;18;2;4;1.328133013099432;0;0;2.3107274752110243;0.8655127752572298
455;Yan Eteki;Granada;12;319;0;0;0.012482799589633942;0.013496600091457367;0.0;0.0;M S;1;1;0;0.012482799589633942;3;0;0.6012754971161485;0.5877785021439195
456;Isco;Real Madrid;14;308;1;0;0.5328118056058884;1.5629850216209888;0.16;0.46;F M S;9;10;1;0.5328118056058884;1;0;4.323911398649216;2.7755309268832207
457;Ferrán Jutglà;Barcelona;6;306;1;0;1.77885883115232;0.19954970479011536;0.52;0.06;F S;10;2;1;1.77885883115232;1;0;2.181392714381218;1.0359555035829544
458;Gareth Bale;Real Madrid;5;293;1;0;1.5859596133232117;0.11455470323562622;0.49;0.04;F S;15;2;1;1.5859596133232117;2;0;1.7940689828246832;0.38006170839071274
459;Nicolás Serrano;Athletic Club;14;292;1;0;0.35865209624171257;0.13093199953436852;0.11;0.04;M S;9;3;1;0.35865209624171257;0;0;0.6855416968464851;0.3268890995532274
460;Lucas Olaza;Elche;5;291;1;0;0.8312028720974922;0.28079400211572647;0.26;0.09;D S;4;6;1;0.8312028720974922;1;0;1.7779784426093102;0.7838996089994907
461;Pablo Piatti;Elche;10;290;0;0;0.11237337719649076;0.3024555966258049;0.03;0.09;M S;4;4;0;0.11237337719649076;0;0;0.9160984726622701;0.5586656127125025
462;Aarón;Granada;4;282;0;0;0.0;0.0;0.0;0.0;GK S;0;0;0;0.0;1;0;0.21456000208854675;0.21456000208854675
463;Isma Ruiz;Granada;8;277;0;0;0.07833879999816418;0.12406609579920769;0.03;0.04;M S;4;2;0;0.07833879999816418;1;0;0.9092112127691507;0.8364811819046736
464;Antonio Sivera;Alaves;4;276;0;0;0.0;0.0;0.0;0.0;GK S;0;0;0;0.0;1;0;0.5626061856746674;0.5626061856746674
465;Mat Ryan;Real Sociedad;3;270;0;0;0.0;0.0;0.0;0.0;GK;0;0;0;0.0;0;0;0.03608030080795288;0.03608030080795288
466;José Manuel Fontán;Celta Vigo;9;270;0;0;0.0724601000547409;0.0718604028224945;0.02;0.02;D S;1;1;0;0.0724601000547409;3;0;0.15352339297533035;0.00920289009809494
467;Neto;Barcelona;3;270;0;0;0.0;0.038270801305770874;0.0;0.01;GK;0;1;0;0.0;0;0;0.48135801404714584;0.44308721274137497
468;Gonzalo Villar;Getafe;10;269;0;1;0.290283989161253;0.3321569859981537;0.1;0.11;M S;2;1;0;0.290283989161253;0;0;0.7769708726555109;0.4866868834942579
469;Miguel Gutiérrez;Real Madrid;3;266;0;1;0.0;0.4073595032095909;0.0;0.14;D;0;3;0;0.0;1;0;2.3760260343551636;1.9686720594763756
470;Julen Lobete;Real Sociedad;13;262;2;0;1.0718974992632866;0.019662700593471527;0.37;0.01;F S;9;1;2;1.0718974992632866;0;0;1.0995260998606682;0.045847900211811066
471;Fran Mérida;Espanyol;10;262;0;0;0.13715355936437845;0.200689478777349;0.05;0.07;M S;4;4;0;0.13715355936437845;2;0;0.6328348107635975;0.5245569823309779
472;John Guidetti;Alaves;10;261;0;0;0.5944948978722095;0.10473410040140152;0.2;0.04;F S;10;4;0;0.5944948978722095;2;0;0.6391677986830473;0.18777869641780853
473;Dani Ceballos;Real Madrid;11;257;0;0;0.8500914741307497;0.16038670390844345;0.3;0.06;M S;10;3;0;0.8500914741307497;1;0;3.7440537214279175;3.327756505459547
474;Joan Sastre;Mallorca;7;255;0;0;0.045319399796426296;0.0;0.02;0.0;D S;2;0;0;0.045319399796426296;1;0;0.3463074117898941;0.33196691144257784
475;Jonás Ramalho;Osasuna;3;251;0;0;0.03237089887261391;0.0;0.01;0.0;D;2;0;0;0.03237089887261391;0;0;0.0798455998301506;0.0798455998301506
476;Nyom;Getafe;5;246;0;0;0.0;0.09581509977579117;0.0;0.04;D S;0;2;0;0.0;1;0;0.2515083961188793;0.15569289773702621
477;Martin Braithwaite;Barcelona;4;242;2;1;1.6452630832791328;1.5402699708938599;0.61;0.57;F S;7;2;2;1.6452630832791328;0;0;2.780572570860386;0.5295746922492981
478;Milutin Osmajic;Cadiz;10;238;0;0;0.2929653003811836;0.0;0.11;0.0;F S;4;0;0;0.2929653003811836;0;0;0.2929653003811836;0.0
479;Alberto Rodríguez;Alaves;5;235;0;0;0.0;0.03362220153212547;0.0;0.01;D S;0;1;0;0.0;1;0;0.03362220153212547;0.0
480;Cristhian Mosquera;Valencia;6;215;0;0;0.47798800468444824;0.0;0.2;0.0;D S;1;0;0;0.47798800468444824;1;0;0.06507190316915512;0.06507190316915512
481;Álvaro Jiménez;Cadiz;9;214;0;0;0.10270919650793076;0.06955190002918243;0.04;0.03;M S;3;2;0;0.10270919650793076;0;0;0.13116329908370972;0.06141189858317375
482;Vitolo;Getafe;7;207;0;0;0.020757999271154404;0.17019280046224594;0.01;0.07;M S;1;3;0;0.020757999271154404;0;0;0.5755553971976042;0.3846053909510374
483;Roberto Navarro;Real Sociedad;6;206;0;0;0.4959949068725109;0.0582398995757103;0.22;0.03;F M S;7;1;0;0.4959949068725109;0;0;0.6038888953626156;0.17840860038995743
484;Näis Djouahra;Real Sociedad;7;201;0;0;0.2502439022064209;0.29777030274271965;0.11;0.13;M S;5;4;0;0.2502439022064209;0;0;0.689390204846859;0.31770800054073334
485;Beñat Turrientes;Real Sociedad;8;201;0;0;0.3281065970659256;0.10656089894473553;0.15;0.05;M S;7;3;0;0.3281065970659256;1;0;0.8347783833742142;0.4855150133371353
486;Álvaro Bastida;Cadiz;6;199;0;0;0.0;0.0;0.0;0.0;M S;0;0;0;0.0;1;0;0.05254809930920601;0.05254809930920601
487;Jonathan Silva;Getafe;9;198;0;0;0.020008299499750137;0.08532409742474556;0.01;0.04;D S;1;2;0;0.020008299499750137;4;0;0.15542499721050262;0.11849229782819748
488;Saúl Ñíguez;Atletico Madrid;3;194;0;1;0.29486050084233284;0.11215800046920776;0.14;0.05;M S;4;1;0;0.29486050084233284;0;0;0.9894759953022003;0.6946149915456772
489;Yusuf Demir;Barcelona;6;194;0;0;0.03915359824895859;0.0;0.02;0.0;F S;1;0;0;0.03915359824895859;0;0;0.4320497065782547;0.3928957134485245
490;Jesús Areso;Osasuna;3;189;0;0;0.0;0.048440199345350266;0.0;0.02;D S;0;1;0;0.0;1;0;0.32558999955654144;0.277149997651577
491;Jon Guridi;Real Sociedad;8;186;1;0;0.5912909880280495;0.07791650295257568;0.29;0.04;M S;2;1;1;0.5912909880280495;0;0;0.35689878836274147;0.17460999265313148
492;Marcelo Saracchi;Levante;4;185;0;1;0.0;0.4476569890975952;0.0;0.22;D S;0;6;0;0.0;2;0;0.6915119886398315;0.27012679539620876
493;José Macías;Getafe;7;184;0;0;0.16972379945218563;0.0;0.08;0.0;F S;4;0;0;0.16972379945218563;1;0;0.16972379945218563;0.0
494;Dídac Vilá;Espanyol;9;182;0;0;0.0;0.0725988307967782;0.0;0.04;D S;0;3;0;0.0;3;0;0.7089914046227932;0.6515042912214994
495;Andriy Lunin;Real Madrid;2;180;0;0;0.0;0.0;0.0;0.0;GK;0;0;0;0.0;0;0;0.2093673050403595;0.2093673050403595
496;John Donald;Elche;2;180;0;0;0.3462350070476532;0.05050560086965561;0.17;0.03;D;2;2;0;0.3462350070476532;0;0;0.5128873027861118;0.4623813070356846
497;Leo Román;Mallorca;2;180;0;0;0.0;0.0;0.0;0.0;GK;0;0;0;0.0;0;0;0.04299899935722351;0.04299899935722351
498;Juan Pérez;Osasuna;2;180;0;0;0.0;0.0;0.0;0.0;GK;0;0;0;0.0;0;0;0.007074459921568632;0.007074459921568632
499;Álex Balde;Barcelona;5;179;0;0;0.03776859864592552;0.03332019969820976;0.02;0.02;D S;1;1;0;0.03776859864592552;0;0;0.07108879834413528;0.0
500;Iván Romero;Sevilla;5;178;0;0;0.614471971988678;0.0;0.31;0.0;F S;2;0;0;0.614471971988678;0;0;0.614471971988678;0.0
501;Josema;Elche;6;174;0;0;0.0;0.08406449854373932;0.0;0.04;D S;0;1;0;0.0;0;0;0.10527139902114868;0.10527139902114868
502;Martín Merquelanz;Rayo Vallecano;4;174;0;0;0.12134559825062752;1.0979869663715363;0.06;0.57;M S;2;7;0;0.12134559825062752;0;0;0.9989429861307144;0.5797909945249557
503;Florin Andone;Cadiz;5;172;0;0;0.14798739552497864;0.08991630002856255;0.08;0.05;F S;3;3;0;0.14798739552497864;1;0;0.33939580619335175;0.11643590126186609
504;Andrés Martín;Rayo Vallecano;7;167;0;0;0.8749693855643272;0.0;0.47;0.0;F S;5;0;0;0.8749693855643272;0;0;0.9105753861367702;0.03560600057244301
505;Koba Koindredi;Valencia;10;163;0;0;0.023986199870705605;0.10354829952120781;0.01;0.06;M S;1;2;0;0.023986199870705605;1;0;0.22093559801578522;0.11738729849457741
506;Iván Martín;Alaves;6;161;0;0;0.03900330141186714;0.0;0.02;0.0;M S;1;0;0;0.03900330141186714;0;0;0.08629520237445831;0.04729190096259117
507;Lago Junior;Mallorca;6;157;0;0;0.6457214746624231;0.0;0.37;0.0;M S;6;0;0;0.6457214746624231;0;0;0.30391290225088596;0.07038339786231518
508;Sergio Agüero;Barcelona;4;148;1;0;1.1555321030318737;0.3280630111694336;0.7;0.2;F S;6;1;1;1.1555321030318737;0;0;1.4995551221072674;0.01595900021493435
509;Rubén Sánchez;Espanyol;4;146;0;1;0.012673599645495415;0.3619619905948639;0.01;0.22;D S;1;1;0;0.012673599645495415;0;0;0.393998010084033;0.019362999126315117
510;Nicolas Jackson;Villarreal;9;145;0;0;0.813447704538703;0.7375730276107788;0.5;0.46;S;5;3;0;0.813447704538703;1;0;1.606246730312705;0.2561966981738806
511;Matías Arezo;Granada;8;144;0;0;0.7996697947382927;0.21599580720067024;0.5;0.13;F S;5;6;0;0.7996697947382927;1;0;1.0341513007879257;0.07563323620706797
512;Marcos Mauro;Cadiz;3;132;0;0;0.0;0.0;0.0;0.0;D S;0;0;0;0.0;1;0;0.0;0.0
513;Rubén Iranzo;Valencia;4;132;0;0;0.026012200862169266;0.0;0.02;0.0;D S;1;0;0;0.026012200862169266;2;0;0.11482799798250198;0.11482799798250198
514;Oier;Espanyol;2;131;0;0;0.0;0.0;0.0;0.0;GK S;0;0;0;0.0;0;0;0.015797799453139305;0.015797799453139305
515;Diego Lainez;Real Betis;7;130;0;0;0.08560840040445328;0.24361930042505264;0.06;0.17;M S;1;3;0;0.08560840040445328;0;0;0.48499588295817375;0.32806429639458656
516;Ilias Akhomach;Barcelona;2;127;0;0;0.17853249609470367;0.31440330669283867;0.13;0.22;F;4;4;0;0.17853249609470367;0;0;1.093043014407158;0.7893766164779663
517;Robert;Real Betis;4;124;0;0;0.1776014007627964;0.0;0.13;0.0;M S;2;0;0;0.1776014007627964;0;0;0.47798410803079605;0.4395827054977417
518;Matthew Hoppe;Mallorca;5;121;0;1;0.07477849908173084;0.12096009869128466;0.06;0.09;F S;2;3;0;0.07477849908173084;0;0;0.3053775103762746;0.2703680098056793
519;Javi Llabrés;Mallorca;5;120;0;0;0.10310320183634758;0.163021394982934;0.08;0.12;M S;5;3;0;0.10310320183634758;0;0;0.33020200580358505;0.09077870100736618
520;Rubén Peña;Villarreal;7;115;0;0;0.21367000043392181;0.9443620145320892;0.17;0.74;M S;3;2;0;0.21367000043392181;1;0;2.33050374686718;1.172472819685936
521;Iker Benito;Osasuna;4;114;0;0;0.09054090268909931;0.12389300018548965;0.07;0.1;M S;3;1;0;0.09054090268909931;1;0;0.28445729054510593;0.19391659647226334
522;Aleix Febas;Mallorca;4;113;0;0;0.0;0.09217820316553116;0.0;0.07;M S;0;1;0;0.0;1;0;0.13630610331892967;0.13630610331892967
523;Joan García;Espanyol;2;107;0;0;0.0;0.0;0.0;0.0;GK S;0;0;0;0.0;0;0;0.030217299237847328;0.030217299237847328
524;Coke;Levante;6;106;1;0;0.8396040201187134;0.042200048454105854;0.71;0.04;D S;1;2;1;0.8396040201187134;1;0;1.026784055866301;0.9845840036869049
525;Nikola Vukcevic;Levante;6;106;0;0;0.008431419730186462;0.03893999941647053;0.01;0.03;S;1;2;0;0.008431419730186462;1;0;0.9814595300704241;0.9340880140662193
526;Martín Calderón;Cadiz;6;101;0;0;0.06545799970626831;0.017509199678897858;0.06;0.02;M S;2;1;0;0.06545799970626831;1;0;0.07906889915466309;0.04966939985752106
527;Robert Ibáñez;Osasuna;4;94;0;0;0.19861530140042305;0.2279312964528799;0.19;0.22;M S;3;2;0;0.19861530140042305;0;0;0.48474281653761864;0.05819680169224739
528;Gabriel Veiga;Celta Vigo;7;94;0;0;0.028291700407862663;0.020357700064778328;0.03;0.02;S;2;1;0;0.028291700407862663;0;0;0.5999964773654938;0.5683550238609314
529;Samuel Umtiti;Barcelona;1;90;0;0;0.0;0.0;0.0;0.0;D;0;0;0;0.0;1;0;0.04507559910416603;0.04507559910416603
530;Javier Díaz;Sevilla;1;90;0;0;0.0;0.0;0.0;0.0;GK;0;0;0;0.0;0;0;0.38348498940467834;0.38348498940467834
531;Alejandro Primo;Levante;1;90;0;0;0.0;0.0;0.0;0.0;GK;0;0;0;0.0;0;0;0.0;0.0
532;Unai Dufur;Osasuna;1;90;0;0;0.03139650076627731;0.0;0.03;0.0;D;1;0;0;0.03139650076627731;0;0;0.11233899742364883;0.11233899742364883
533;Jesús Owono;Alaves;1;90;0;0;0.0;0.0;0.0;0.0;GK;0;0;0;0.0;0;0;0.0;0.0
534;Dominik Greif;Mallorca;1;90;0;0;0.0;0.0;0.0;0.0;GK;0;0;0;0.0;0;0;0.0;0.0
535;Kike Hermoso;Real Betis;1;90;1;0;0.08066719770431519;0.0;0.08;0.0;D;2;0;1;0.08066719770431519;0;0;0.0;0.0
536;Emerson;Barcelona;3;89;0;0;0.0;0.0;0.0;0.0;D S;0;0;0;0.0;0;0;0.293846994638443;0.293846994638443
537;Raba;Granada;9;88;0;0;0.0;0.4202788081020117;0.0;0.43;S;0;4;0;0.0;1;0;0.44347790628671646;0.13332489877939224
538;Víctor Camarasa;Real Betis;7;88;0;0;0.012270599603652954;0.0;0.01;0.0;S;1;0;0;0.012270599603652954;0;0;0.21221519820392132;0.19994459860026836
539;Raúl Parra;Cadiz;2;88;0;0;0.0;0.0;0.0;0.0;D S;0;0;0;0.0;0;0;0.05860929936170578;0.05860929936170578
540;Orbelín Pineda;Celta Vigo;7;83;0;0;0.3165593007579446;0.056015100330114365;0.34;0.06;S;5;1;0;0.3165593007579446;0;0;1.1028792718425393;0.7997279763221741
541;Ander Martín;Real Sociedad;5;81;0;0;0.0704704001545906;0.06250109802931547;0.08;0.07;M S;3;2;0;0.0704704001545906;0;0;0.11912069842219353;0.04865029826760292
542;Jesús Santiago;Valencia;3;78;0;0;0.0;0.0;0.0;0.0;S;0;0;0;0.0;0;0;0.06507190316915512;0.06507190316915512
543;Sergio Barcia;Granada;1;76;0;0;0.0;0.0;0.0;0.0;D;0;0;0;0.0;0;0;0.0;0.0
544;Koffi;Getafe;3;70;0;1;0.020820600911974907;0.09862790256738663;0.03;0.13;M S;1;1;0;0.020820600911974907;0;0;0.14338499307632446;0.044757600873708725
545;Miguelón;Espanyol;2;69;0;0;0.0;0.0;0.0;0.0;D S;0;0;0;0.0;0;0;0.05629759840667248;0.05629759840667248
546;José Manuel Calderón;Real Betis;1;65;0;0;0.0;0.16548900306224823;0.0;0.23;S;0;1;0;0.0;0;0;0.3050979971885681;0.16589899361133575
547;Javier Serrano;Atletico Madrid;5;64;0;0;0.0;0.0;0.0;0.0;M S;0;0;0;0.0;1;1;0.22902700304985046;0.22902700304985046
548;Josep Gayá;Mallorca;1;60;0;0;0.0;0.0;0.0;0.0;D;0;0;0;0.0;0;0;0.0;0.0
549;José Pozo;Rayo Vallecano;5;57;0;0;0.1412354987114668;0.36434298753738403;0.22;0.58;S;3;3;0;0.1412354987114668;0;0;0.7251038998365402;0.38743989169597626
550;Chema Rodríguez;Getafe;1;52;0;0;0.023246200755238533;0.023773599416017532;0.04;0.04;M;1;1;0;0.023246200755238533;1;0;0.047019798308610916;0.0
551;Clément Grenier;Mallorca;5;48;1;0;0.6083670258522034;0.018629299476742744;1.14;0.03;S;1;1;1;0.6083670258522034;1;0;0.7430295217782259;0.11603319644927979
552;Marc Urena;Alaves;3;44;0;0;0.0;0.3772909939289093;0.0;0.77;S;0;1;0;0.0;2;0;0.3772909939289093;0.0
553;Jon Morcillo;Athletic Club;7;42;0;0;0.4036960005760193;0.0;0.87;0.0;S;1;0;0;0.4036960005760193;2;0;0.4036960005760193;0.0
554;Jon Bautista;Real Sociedad;1;41;0;0;0.04627370089292526;0.0;0.1;0.0;S;1;0;0;0.04627370089292526;0;0;0.05962910130620003;0.013355400413274765
555;German Valera;Real Sociedad;3;41;0;0;0.02149049937725067;0.0;0.05;0.0;S;1;0;0;0.02149049937725067;0;0;0.12070799618959427;0.0992174968123436
556;Lluís Recasens;Espanyol;1;41;0;0;0.0;0.0;0.0;0.0;S;0;0;0;0.0;0;0;0.0;0.0
557;Alex Sola;Real Sociedad;2;35;0;0;0.08826430141925812;0.06271100044250488;0.23;0.16;S;1;1;0;0.08826430141925812;0;0;0.150975301861763;0.06271100044250488
558;Javi Ontiveros;Osasuna;3;31;0;0;0.07226009666919708;0.0;0.21;0.0;S;2;0;0;0.07226009666919708;0;0;0.07226009666919708;0.0
559;Antonio Blanco;Real Madrid;1;29;0;0;0.0;0.0;0.0;0.0;S;0;0;0;0.0;0;0;0.5246180295944214;0.5246180295944214
560;Pedro Benito;Cadiz;1;26;0;0;0.0;0.0;0.0;0.0;S;0;0;0;0.0;0;0;0.0;0.0
561;Álvaro Sanz;Barcelona;2;25;0;0;0.0;0.01896129921078682;0.0;0.07;S;0;1;0;0.0;0;0;0.08785830065608025;0.08785830065608025
562;José Ángel Carmona;Sevilla;1;22;0;0;0.0;0.0;0.0;0.0;S;0;0;0;0.0;0;0;0.0;0.0
563;Mario Dominguez;Valencia;2;21;0;0;0.0;0.0;0.0;0.0;S;0;0;0;0.0;0;0;0.0;0.0
564;Peter;Real Madrid;3;20;0;0;0.34285900741815567;0.1711983010172844;1.54;0.77;S;2;2;0;0.34285900741815567;0;0;1.009887009859085;0.5622610151767731
565;Daniel Villahermosa;Espanyol;1;19;0;0;0.0;0.0;0.0;0.0;S;0;0;0;0.0;0;0;0.0;0.0
566;Marc Cucurella;Getafe;1;18;0;0;0.144554004073143;0.06620500236749649;0.72;0.33;S;1;1;0;0.144554004073143;0;0;0.24645200371742249;0.10189799964427948
567;Mario Gila;Real Madrid;2;18;0;0;0.0;0.0;0.0;0.0;S;0;0;0;0.0;0;0;0.09685210138559341;0.09685210138559341
568;Jofre Carreras;Espanyol;3;13;0;1;0.0;0.5122259855270386;0.0;3.55;S;0;2;0;0.0;0;0;0.7971600294113159;0.28493401408195496
569;Barbero;Osasuna;6;13;0;0;0.0;0.0;0.0;0.0;S;0;0;0;0.0;0;0;0.006403159815818071;0.006403159815818071
570;Cristo Romero;Real Sociedad;1;13;0;0;0.0115769999101758;0.0992174968123436;0.08;0.69;S;1;1;0;0.0115769999101758;0;0;0.0992174968123436;0.0
571;Alex Tirlea;Alaves;1;12;0;0;0.0;0.0;0.0;0.0;S;0;0;0;0.0;0;0;0.0;0.0
572;Luismi Cruz;Sevilla;2;10;0;0;0.0;0.0;0.0;0.0;S;0;0;0;0.0;0;0;0.5437589883804321;0.5437589883804321
573;Unai Ropero;Alaves;1;10;0;0;0.0;0.0;0.0;0.0;S;0;0;0;0.0;0;0;0.0;0.0
574;Estanis Pedrola;Barcelona;1;10;0;0;0.0;0.0;0.0;0.0;S;0;0;0;0.0;0;0;0.0;0.0
575;Hugo Álvarez;Celta Vigo;1;9;0;0;0.1347309947013855;0.0;1.35;0.0;S;1;0;0;0.1347309947013855;0;0;0.1347309947013855;0.0
576;Sergio Santos;Real Madrid;1;9;0;0;0.0;0.12112899869680405;0.0;1.21;S;0;1;0;0.0;0;0;0.3925119936466217;0.3925119936466217
577;Alejandro Asensio;Rayo Vallecano;2;8;0;0;0.03589849919080734;0.011340100318193436;0.4;0.13;S;1;1;0;0.03589849919080734;0;0;0.1455538012087345;0.09831520169973373
578;Álvaro Aguirre;Rayo Vallecano;1;8;0;0;0.0;0.0;0.0;0.0;S;0;0;0;0.0;0;0;0.0;0.0
579;Tomás Mendes;Alaves;1;7;0;0;0.0;0.0;0.0;0.0;S;0;0;0;0.0;0;0;0.0;0.0
580;Gori;Espanyol;1;6;0;0;0.0;0.07612989842891693;0.0;1.14;S;0;1;0;0.0;1;0;0.07612989842891693;0.0
581;Juan Latasa;Real Madrid;1;6;0;0;0.1094139963388443;0.0;1.64;0.0;S;1;0;0;0.1094139963388443;0;0;0.044006701558828354;0.044006701558828354
582;Diego Conde;Getafe;1;5;0;0;0.0;0.0;0.0;0.0;S;0;0;0;0.0;0;0;0.0;0.0
583;Álvaro Vadillo;Espanyol;3;5;0;0;0.0;0.0;0.0;0.0;S;0;0;0;0.0;1;0;0.0;0.0
584;Carlo Adriano García;Villarreal;1;5;0;0;0.0;0.0;0.0;0.0;S;0;0;0;0.0;0;0;0.0;0.0
585;Juanlu Sanchez;Sevilla;1;3;0;0;0.0;0.0;0.0;0.0;S;0;0;0;0.0;1;0;0.0;0.0
586;Saul García;Alaves;1;2;0;0;0.0;0.0;0.0;0.0;S;0;0;0;0.0;0;0;0.0;0.0
587;Ander Capa;Athletic Club;1;1;0;0;0.033567000180482864;0.0;3.02;0.0;S;1;0;0;0.033567000180482864;0;0;0.033567000180482864;0.0
588;Raul García;Real Betis;1;1;0;0;0.0;0.0;0.0;0.0;S;0;0;0;0.0;0;0;0.0;0.0
589;Luca Koleosho;Espanyol;1;1;0;0;0.0;0.0;0.0;0.0;S;0;0;0;0.0;0;0;0.0;0.0
590;Hugo Sotelo;Celta Vigo;1;1;0;0;0.0;0.0;0.0;0.0;S;0;0;0;0.0;0;0;0.0;0.0
591;Yacine Qasmi;Rayo Vallecano;1;1;0;0;0.0;0.0;0.0;0.0;S;0;0;0;0.0;0;0;0.0;0.0
592;Miguel Baeza;Celta Vigo;1;1;0;0;0.0;0.0;0.0;0.0;S;0;0;0;0.0;0;0;0.0;0.0
593;Jaume Grau;Osasuna;1;1;0;0;0.0;0.0;0.0;0.0;S;0;0;0;0.0;0;0;0.0;0.0
594;Mika Mármol;Barcelona;1;1;0;0;0.0;0.0;0.0;0.0;S;0;0;0;0.0;0;0;0.0;0.0
595;Omar Faraj;Levante;1;1;0;0;0.0;0.0;0.0;0.0;S;0;0;0;0.0;0;0;0.0;0.0
596;Víctor Gómez;Espanyol;1;1;0;0;0.0;0.0;0.0;0.0;S;0;0;0;0.0;0;0;0.0;0.0
597;Pedro Ortiz;Sevilla;1;1;0;0;0.617048978805542;0.4756140112876892;55.53;42.81;S;1;1;0;0.617048978805542;0;0;1.1740800142288208;1.1740800142288208
598;Carlos Martín;Atletico Madrid;1;1;0;0;0.0;0.0;0.0;0.0;S;0;0;0;0.0;1;0;0.0;0.0
599;Giuliano Simeone;Atletico Madrid;1;1;0;0;0.0;0.0;0.0;0.0;S;0;0;0;0.0;0;0;0.0;0.0
600;Adrián Butzke;Granada;1;1;0;0;0.0;0.0;0.0;0.0;S;0;0;0;0.0;0;0;0.0;0.0
601;Valentino Fattore;Sevilla;1;1;0;0;0.0;0.0;0.0;0.0;S;0;0;0;0.0;0;0;0.0;0.0
602;Peru Nolaskoain;Athletic Club;1;1;0;0;0.0;0.0;0.0;0.0;S;0;0;0;0.0;0;0;0.0;0.0
603;Nikita Iosifov;Villarreal;1;1;0;0;0.0;0.0;0.0;0.0;S;0;0;0;0.0;0;0;0.0;0.0
